msisdn;churn_postpaid_propensity_score;target;delivery_date
6094;0.529427021681663;tg;2013-05-23
4054;0.520624003616298;tg;2013-05-23
9842;0.509082265719842;cg;2013-05-23
9754;0.505958578564998;tg;2013-05-23
4674;0.503551757931417;tg;2013-05-23
9410;0.499267373209523;tg;2013-05-23
11038;0.499111854989428;tg;2013-05-23
11609;0.497277965737879;tg;2013-05-23
11830;0.490269088084675;tg;2013-05-23
12926;0.48933509292626;tg;2013-05-23
13539;0.483437263202681;tg;2013-05-23
208;0.481599177262887;tg;2013-05-23
6655;0.480831315499934;tg;2013-05-23
4692;0.477529820526789;cg;2013-05-23
13426;0.472955175563627;tg;2013-05-23
10590;0.472678450748571;tg;2013-05-23
13501;0.454922747556947;cg;2013-05-23
10352;0.451902917080307;tg;2013-05-23
7229;0.436737623240992;tg;2013-05-23
894;0.433593961350532;tg;2013-05-23
13369;0.433578899577315;tg;2013-05-23
3495;0.426400197823758;tg;2013-05-23
1026;0.401587023903981;tg;2013-05-23
10702;0.400669466745897;tg;2013-05-23
864;0.39505920053963;tg;2013-05-23
693;0.384019882254552;tg;2013-05-23
14123;0.363528158776618;cg;2013-05-23
11023;0.357895114320135;tg;2013-05-23
12454;0.355342521232681;tg;2013-05-23
10757;0.35023758872313;cg;2013-05-23
13311;0.335341540083777;tg;2013-05-23
9193;0.323210310971817;tg;2013-05-23
13892;0.29413677553429;tg;2013-05-23
628;0.291214948985966;cg;2013-05-23
4585;0.287127218681504;tg;2013-05-23
3623;0.28420106573512;tg;2013-05-23
9972;0.276343309060886;tg;2013-05-23
906;0.272692440186399;tg;2013-05-23
6174;0.270143969023831;tg;2013-05-23
12316;0.26993212747137;tg;2013-05-23
11227;0.265211316972442;tg;2013-05-23
12782;0.261159842089201;tg;2013-05-23
269;0.259626628478374;tg;2013-05-23
8011;0.252681984666598;tg;2013-05-23
14015;0.250909218338591;tg;2013-05-23
119;0.247154685244572;tg;2013-05-23
6538;0.239356191023227;tg;2013-05-23
5893;0.231741004151098;tg;2013-05-23
12248;0.229411630499789;tg;2013-05-23
1168;0.22767869609429;cg;2013-05-23
10424;0.225574140657981;cg;2013-05-23
11531;0.217359764987676;cg;2013-05-23
6372;0.216002337152891;tg;2013-05-23
14608;0.215364899105966;tg;2013-05-23
9337;0.21516910175391;tg;2013-05-23
13506;0.213598648678789;tg;2013-05-23
7865;0.21212802508468;tg;2013-05-23
12962;0.207615218346969;cg;2013-05-23
14090;0.206662587131497;tg;2013-05-23
7578;0.200087957572829;tg;2013-05-23
8722;0.195670991717501;cg;2013-05-23
6630;0.193480611098155;tg;2013-05-23
13830;0.190700594485472;tg;2013-05-23
7721;0.186278078655522;tg;2013-05-23
12283;0.184962318397372;tg;2013-05-23
8188;0.183435012371176;tg;2013-05-23
5129;0.182194721410595;tg;2013-05-23
5955;0.180697897202525;tg;2013-05-23
13996;0.176752105961878;tg;2013-05-23
5783;0.175892862205847;tg;2013-05-23
9533;0.160782310905891;cg;2013-05-23
2324;0.159769738270809;tg;2013-05-23
733;0.158953859427973;cg;2013-05-23
5502;0.156082220946716;tg;2013-05-23
3538;0.154262875533925;tg;2013-05-23
3805;0.153807609055119;tg;2013-05-23
14950;0.152734266175468;tg;2013-05-23
3313;0.150884896232225;tg;2013-05-23
11192;0.148118417184234;tg;2013-05-23
9351;0.145690164986098;tg;2013-05-23
12166;0.142668996101266;tg;2013-05-23
4553;0.135433307011563;tg;2013-05-23
12589;0.134314111577722;tg;2013-05-23
4607;0.127329428522474;tg;2013-05-23
8166;0.127250653826648;tg;2013-05-23
2712;0.123478509900266;tg;2013-05-23
11435;0.119820719315944;tg;2013-05-23
11286;0.11745355184653;tg;2013-05-23
13349;0.11626218161599;tg;2013-05-23
10894;0.116058306804221;cg;2013-05-23
4319;0.115823396138887;tg;2013-05-23
10861;0.112232696569604;tg;2013-05-23
948;0.110646480502761;tg;2013-05-23
2578;0.110498156662397;cg;2013-05-23
5357;0.109867088321019;tg;2013-05-23
8259;0.105035063087222;tg;2013-05-23
7874;0.105015157625032;tg;2013-05-23
10710;0.10459625764325;tg;2013-05-23
11365;0.104581027232229;tg;2013-05-23
4333;0.104217849640678;tg;2013-05-23
7353;0.10197840992363;tg;2013-05-23
8975;0.101678884094765;tg;2013-05-23
8412;0.100469684651633;tg;2013-05-23
9213;0.100318500427398;tg;2013-05-23
5879;0.0999510643508031;tg;2013-05-23
8460;0.0984394861711761;tg;2013-05-23
2139;0.0981334517834533;tg;2013-05-23
14710;0.0976379493315416;tg;2013-05-23
8744;0.0969756674651948;tg;2013-05-23
4184;0.0961817486126735;tg;2013-05-23
7486;0.0956818892564732;tg;2013-05-23
2014;0.0954102253947519;cg;2013-05-23
7381;0.0950679713520653;tg;2013-05-23
2904;0.0934939304656357;tg;2013-05-23
4564;0.0921299915832019;tg;2013-05-23
8614;0.0911971898895717;tg;2013-05-23
12669;0.0910256961436119;cg;2013-05-23
936;0.0901831730857173;tg;2013-05-23
5679;0.0896656040955787;tg;2013-05-23
12602;0.0895524668479112;tg;2013-05-23
13240;0.0895273860639472;tg;2013-05-23
6838;0.0892386741454851;tg;2013-05-23
1968;0.0888515691089102;tg;2013-05-23
288;0.0883930212694154;tg;2013-05-23
9926;0.0882315408374788;tg;2013-05-23
10143;0.0880027304952323;tg;2013-05-23
2789;0.08780016811704;tg;2013-05-23
2034;0.087656569880286;tg;2013-05-23
8552;0.0875772973869398;tg;2013-05-23
6885;0.0875156799691035;tg;2013-05-23
4649;0.0870346301716979;tg;2013-05-23
10950;0.0870275589994368;tg;2013-05-23
6411;0.0866920908086271;tg;2013-05-23
5105;0.0866624352260787;cg;2013-05-23
12356;0.0861680711524196;cg;2013-05-23
13677;0.08588866131889;cg;2013-05-23
4601;0.0856477543730875;tg;2013-05-23
5713;0.0854423904031062;tg;2013-05-23
10287;0.0854024156923282;tg;2013-05-23
11489;0.0853788339498145;tg;2013-05-23
1272;0.0853074184745005;tg;2013-05-23
9791;0.0849601569718742;cg;2013-05-23
8172;0.0849281077841752;tg;2013-05-23
9886;0.0845208957443046;tg;2013-05-23
12056;0.0844373822496389;tg;2013-05-23
12519;0.0841264310839217;cg;2013-05-23
2751;0.0837862492956934;tg;2013-05-23
13277;0.0828305708083067;tg;2013-05-23
2373;0.0824551474075432;tg;2013-05-23
9502;0.082398729218531;tg;2013-05-23
6576;0.0821068503300216;tg;2013-05-23
10548;0.0820283067433895;tg;2013-05-23
1446;0.0819617036050769;tg;2013-05-23
13854;0.0819482223481904;tg;2013-05-23
1863;0.0814357066894071;tg;2013-05-23
11765;0.0811823379010969;tg;2013-05-23
14248;0.0810947738015152;tg;2013-05-23
547;0.0810864863214534;cg;2013-05-23
12954;0.0808495453850019;tg;2013-05-23
11002;0.0807330572189983;tg;2013-05-23
8050;0.0806189745173098;cg;2013-05-23
10665;0.0798078782961432;tg;2013-05-23
14789;0.0797293785365078;tg;2013-05-23
11189;0.0795357003995879;tg;2013-05-23
8020;0.0791966563712987;tg;2013-05-23
6819;0.0791847159537147;tg;2013-05-23
13153;0.0788383197457721;tg;2013-05-23
7850;0.0784381105867982;tg;2013-05-23
1753;0.0782797795583746;tg;2013-05-23
4;0.0782624911817689;tg;2013-05-23
11283;0.0782008100098354;tg;2013-05-23
3167;0.0780288153813604;tg;2013-05-23
5087;0.0779184790117583;cg;2013-05-23
5210;0.0778914492839143;tg;2013-05-23
11696;0.0776475660815999;tg;2013-05-23
11402;0.077491294755539;tg;2013-05-23
735;0.0773627148799306;tg;2013-05-23
1788;0.0770703689966716;tg;2013-05-23
10789;0.0769617285191715;tg;2013-05-23
11794;0.0767288689371561;tg;2013-05-23
11407;0.0765774477071024;tg;2013-05-23
11775;0.0763845932491388;tg;2013-05-23
12442;0.076209131568542;tg;2013-05-23
12914;0.0762083169165141;tg;2013-05-23
4268;0.0761418273856307;tg;2013-05-23
14526;0.075850777838245;tg;2013-05-23
9918;0.075497702436237;cg;2013-05-23
359;0.0753769308765527;cg;2013-05-23
10616;0.0752098188467157;tg;2013-05-23
3882;0.0751930215030957;tg;2013-05-23
14469;0.074938783726869;cg;2013-05-23
12111;0.0747171423875177;tg;2013-05-23
11414;0.0746206345490433;cg;2013-05-23
14047;0.0744164264131383;tg;2013-05-23
11182;0.07429311286708;tg;2013-05-23
13598;0.0741784554957015;tg;2013-05-23
1045;0.074176734678086;tg;2013-05-23
1923;0.0740514794004665;tg;2013-05-23
8032;0.0739415603293167;tg;2013-05-23
2554;0.0735800433979538;tg;2013-05-23
2390;0.0734985566489642;tg;2013-05-23
14463;0.0734449104234631;tg;2013-05-23
13445;0.0734027862628874;cg;2013-05-23
3947;0.0733586014618101;tg;2013-05-23
296;0.0733446091802909;tg;2013-05-23
2330;0.0732012852754019;tg;2013-05-23
11491;0.0727496383634647;tg;2013-05-23
4740;0.0726852795577103;tg;2013-05-23
9072;0.0726205779387538;cg;2013-05-23
4575;0.0724483150526357;cg;2013-05-23
13275;0.0723568332505123;tg;2013-05-23
5635;0.0723260930548881;tg;2013-05-23
4476;0.0722537790566655;tg;2013-05-23
13453;0.072242512186811;tg;2013-05-23
1997;0.072148238308148;tg;2013-05-23
12132;0.0721423171403156;tg;2013-05-23
2002;0.0720824005434763;tg;2013-05-23
14632;0.0719171211164209;tg;2013-05-23
5885;0.0718068922625552;tg;2013-05-23
13515;0.071757584191341;tg;2013-05-23
5614;0.0716693234465679;tg;2013-05-23
1070;0.0714479886523221;tg;2013-05-23
14413;0.0713620410863133;tg;2013-05-23
12743;0.0712686174812075;tg;2013-05-23
14979;0.071188275584433;tg;2013-05-23
13066;0.0711687574457049;tg;2013-05-23
9924;0.0711502043552816;tg;2013-05-23
13813;0.0711445947093749;tg;2013-05-23
9678;0.0710919634892027;tg;2013-05-23
8031;0.0710428019277737;cg;2013-05-23
3309;0.0710038897583708;tg;2013-05-23
12558;0.0706760894011394;cg;2013-05-23
2546;0.0705296627242714;tg;2013-05-23
5366;0.0704932419307922;tg;2013-05-23
12297;0.0703891355625955;tg;2013-05-23
9784;0.070355066163561;tg;2013-05-23
13602;0.0702928378675695;tg;2013-05-23
1523;0.0699497239893349;tg;2013-05-23
1224;0.0698191579808682;tg;2013-05-23
9608;0.0698113104364214;tg;2013-05-23
5833;0.0694210715696302;tg;2013-05-23
11357;0.0693613856020331;tg;2013-05-23
9807;0.0691128641635655;tg;2013-05-23
3684;0.0690145157556562;tg;2013-05-23
3795;0.068969190025595;tg;2013-05-23
4512;0.0689425762968678;tg;2013-05-23
11820;0.0688880565893179;tg;2013-05-23
10989;0.0688585605955283;tg;2013-05-23
3793;0.0688517410669474;tg;2013-05-23
3749;0.0688274992712595;tg;2013-05-23
1511;0.0686192023355683;tg;2013-05-23
9611;0.0685856371900813;tg;2013-05-23
9363;0.0685630100104284;tg;2013-05-23
5907;0.0684972330872513;tg;2013-05-23
10673;0.0684020840696871;tg;2013-05-23
1845;0.0683070680603271;tg;2013-05-23
10691;0.068300667180206;tg;2013-05-23
3889;0.0682939355693302;tg;2013-05-23
3369;0.0682714141569376;tg;2013-05-23
13429;0.0681782726067284;tg;2013-05-23
5437;0.0680722000422234;cg;2013-05-23
9309;0.0679765294974208;tg;2013-05-23
11739;0.0677742784206705;tg;2013-05-23
9146;0.0677192726375172;tg;2013-05-23
9247;0.0675991360907032;tg;2013-05-23
10326;0.0675685588035478;tg;2013-05-23
11561;0.0674565408361376;tg;2013-05-23
721;0.0674082077631997;cg;2013-05-23
12786;0.0673849843256795;tg;2013-05-23
14409;0.067017782558268;tg;2013-05-23
14510;0.0669675255033656;tg;2013-05-23
12405;0.0668401153733433;tg;2013-05-23
4205;0.0668383598195519;tg;2013-05-23
14581;0.0666621676861349;tg;2013-05-23
11022;0.0665527889301583;tg;2013-05-23
2930;0.0665142889015799;tg;2013-05-23
13979;0.0665065522343896;tg;2013-05-23
717;0.0664241745154853;tg;2013-05-23
6709;0.0661049352939377;tg;2013-05-23
7214;0.0661039895969802;tg;2013-05-23
30;0.0660879675522459;cg;2013-05-23
9504;0.0659799390965385;tg;2013-05-23
5005;0.065823430165182;tg;2013-05-23
3485;0.0657632422090372;tg;2013-05-23
10943;0.0657507153658482;tg;2013-05-23
3917;0.0657203949475308;tg;2013-05-23
10909;0.0657075137178412;tg;2013-05-23
9525;0.0656031790866558;tg;2013-05-23
2450;0.0655755885278564;tg;2013-05-23
7372;0.065561348524582;cg;2013-05-23
3037;0.0655588859836042;cg;2013-05-23
2403;0.065557871056241;tg;2013-05-23
6934;0.065533156040217;tg;2013-05-23
14991;0.0654629571165638;tg;2013-05-23
4881;0.0654352505889596;cg;2013-05-23
9523;0.0653878382832083;tg;2013-05-23
8700;0.0653738815800169;tg;2013-05-23
12207;0.065369840488965;tg;2013-05-23
6226;0.0653483146437765;cg;2013-05-23
1653;0.0653085516208618;tg;2013-05-23
12348;0.0653041266662036;tg;2013-05-23
1288;0.0652760793807522;tg;2013-05-23
10694;0.0652023436842718;tg;2013-05-23
10418;0.0651917635480025;cg;2013-05-23
1030;0.0651637956719145;tg;2013-05-23
14829;0.0651526339946218;tg;2013-05-23
10256;0.0651402031483482;cg;2013-05-23
7322;0.0650932113213523;cg;2013-05-23
8044;0.0650774888076916;tg;2013-05-23
3756;0.0650442699023108;tg;2013-05-23
3514;0.0650003716359005;cg;2013-05-23
4136;0.0649930070669471;tg;2013-05-23
4555;0.0649487213075457;tg;2013-05-23
14496;0.0648507862525491;tg;2013-05-23
7967;0.0647446262406125;tg;2013-05-23
5860;0.0647334112701144;cg;2013-05-23
4802;0.0646523957178126;tg;2013-05-23
14822;0.0644397134707737;tg;2013-05-23
13511;0.0644353350794078;tg;2013-05-23
8555;0.0644203260349594;tg;2013-05-23
12817;0.0643603401646748;tg;2013-05-23
5801;0.0643503742134657;tg;2013-05-23
14511;0.0641544621789762;tg;2013-05-23
10494;0.0639930109679568;cg;2013-05-23
9476;0.0639575334572169;tg;2013-05-23
3743;0.0639527745657362;tg;2013-05-23
11891;0.0638965319941414;cg;2013-05-23
2073;0.0638330833881428;cg;2013-05-23
251;0.0637916327125298;tg;2013-05-23
4589;0.0635849965631064;tg;2013-05-23
10093;0.0635683039580551;tg;2013-05-23
6126;0.0635379446391569;tg;2013-05-23
5500;0.0634195991043593;tg;2013-05-23
5250;0.0632807457386588;cg;2013-05-23
12471;0.063231411752715;tg;2013-05-23
1133;0.0631389625000925;tg;2013-05-23
4668;0.0631014471055601;tg;2013-05-23
7062;0.0630450068676917;tg;2013-05-23
12332;0.0630360903557517;tg;2013-05-23
12628;0.0627042492181517;tg;2013-05-23
6777;0.0626952614964234;tg;2013-05-23
7413;0.0626387961484147;tg;2013-05-23
8885;0.0626131517143376;tg;2013-05-23
8976;0.06258471683724;cg;2013-05-23
14040;0.0623768376304499;tg;2013-05-23
5612;0.0623663347336018;tg;2013-05-23
7664;0.0623026206240977;tg;2013-05-23
11100;0.0622979009563229;tg;2013-05-23
457;0.062290607012428;tg;2013-05-23
6809;0.0622167649325652;tg;2013-05-23
3043;0.0621960732090927;tg;2013-05-23
8994;0.0621879140476881;tg;2013-05-23
23;0.0621400852089192;tg;2013-05-23
10915;0.0619501024183407;tg;2013-05-23
9137;0.0618283324332991;tg;2013-05-23
10123;0.0614809669291999;cg;2013-05-23
9246;0.0614073029587767;cg;2013-05-23
726;0.0614032753234162;tg;2013-05-23
1368;0.0613253800228038;tg;2013-05-23
14428;0.0612743626125737;tg;2013-05-23
6015;0.0612281310076753;cg;2013-05-23
7966;0.0611020065945774;tg;2013-05-23
5255;0.0609897684953292;tg;2013-05-23
13205;0.0609484330400945;tg;2013-05-23
12420;0.0608084012603393;tg;2013-05-23
186;0.0607965882686083;tg;2013-05-23
11006;0.0607496098262436;tg;2013-05-23
2534;0.0607392203457593;tg;2013-05-23
7976;0.0607300890453907;tg;2013-05-23
575;0.0603741180276637;tg;2013-05-23
3741;0.0598720433413829;tg;2013-05-23
5183;0.0598160138996247;tg;2013-05-23
4304;0.0598080029630225;cg;2013-05-23
5413;0.0597286432952771;tg;2013-05-23
2100;0.0596784396937402;tg;2013-05-23
9956;0.0595445069402207;tg;2013-05-23
3216;0.0594147719718185;tg;2013-05-23
9177;0.0592569759396402;tg;2013-05-23
473;0.059202978391563;tg;2013-05-23
8743;0.059169234420058;tg;2013-05-23
12916;0.0589829252486992;tg;2013-05-23
5475;0.0587952684448885;tg;2013-05-23
4013;0.0584514795095617;tg;2013-05-23
1162;0.0584476353463813;tg;2013-05-23
3606;0.0580490989792803;tg;2013-05-23
14973;0.0574855872938229;tg;2013-05-23
12043;0.0574073761621453;tg;2013-05-23
11702;0.0573046051635616;tg;2013-05-23
8501;0.0571272723642593;tg;2013-05-23
12377;0.0569967255249548;cg;2013-05-23
8122;0.0569511846119892;tg;2013-05-23
9902;0.0567585644840524;tg;2013-05-23
12064;0.0566513954365028;tg;2013-05-23
10585;0.0565817211376021;tg;2013-05-23
14459;0.0565760564374501;tg;2013-05-23
8215;0.0565629485648673;tg;2013-05-23
2776;0.0563752312132691;tg;2013-05-23
11789;0.0562179261061262;cg;2013-05-23
13148;0.0559992672583532;tg;2013-05-23
7457;0.055920059554359;cg;2013-05-23
3426;0.0558803277130417;tg;2013-05-23
2639;0.0557261441878239;tg;2013-05-23
2702;0.0557073791134702;tg;2013-05-23
880;0.0556941843212102;tg;2013-05-23
4844;0.0553381116123917;tg;2013-05-23
6860;0.0550092318852067;tg;2013-05-23
212;0.0546216410372299;tg;2013-05-23
4628;0.0543787348688063;tg;2013-05-23
8192;0.0536874412612567;tg;2013-05-23
11921;0.0535535213673447;tg;2013-05-23
10008;0.0533871775974053;tg;2013-05-23
3429;0.053373113062559;tg;2013-05-23
9788;0.0530795014690897;tg;2013-05-23
5200;0.0529691150563049;cg;2013-05-23
6204;0.0528576919217811;tg;2013-05-23
6556;0.0528257158297735;tg;2013-05-23
2171;0.0527165566809847;tg;2013-05-23
3405;0.0526900267114899;tg;2013-05-23
5346;0.0524137907133545;cg;2013-05-23
5239;0.0522699429758761;tg;2013-05-23
2019;0.0521772889489355;tg;2013-05-23
14066;0.0521175913526649;tg;2013-05-23
13584;0.0520284107244373;tg;2013-05-23
11937;0.0519844059968307;tg;2013-05-23
1528;0.0519497563560048;tg;2013-05-23
2764;0.0517910407080629;tg;2013-05-23
7842;0.0517485657028859;tg;2013-05-23
5929;0.0515945873650279;cg;2013-05-23
13993;0.0513913368628673;tg;2013-05-23
148;0.0513342494845328;tg;2013-05-23
6079;0.0513222354710933;cg;2013-05-23
266;0.0509839955450217;tg;2013-05-23
3655;0.0509783825821319;tg;2013-05-23
4364;0.0508651371777836;tg;2013-05-23
7452;0.0508506259406592;tg;2013-05-23
10009;0.050820629631153;tg;2013-05-23
12059;0.0507654747705163;tg;2013-05-23
7539;0.0507632760712614;tg;2013-05-23
5926;0.0507181169050304;tg;2013-05-23
12090;0.0506466186040198;tg;2013-05-23
9313;0.0506343098671714;tg;2013-05-23
10037;0.0504559021084327;tg;2013-05-23
3030;0.0503461667852143;cg;2013-05-23
1157;0.0502548167667717;tg;2013-05-23
966;0.0501310186386536;tg;2013-05-23
8970;0.0500780894111632;cg;2013-05-23
1008;0.0499792731491853;tg;2013-05-23
12055;0.0499578388899584;tg;2013-05-23
8945;0.0495110353472057;tg;2013-05-23
9672;0.0493457095373668;tg;2013-05-23
4088;0.0491760587251842;tg;2013-05-23
13299;0.0491079388601465;tg;2013-05-23
3758;0.0489100080966615;tg;2013-05-23
916;0.0486699683276636;tg;2013-05-23
6984;0.0482732248476155;tg;2013-05-23
8878;0.0482697399354204;tg;2013-05-23
7386;0.0482252049766791;tg;2013-05-23
553;0.0481433271618381;tg;2013-05-23
13043;0.0480261205264479;tg;2013-05-23
13941;0.0478869261169772;cg;2013-05-23
3034;0.0478863159775304;tg;2013-05-23
7908;0.0478143052303761;cg;2013-05-23
13767;0.0476573541453692;tg;2013-05-23
1391;0.0474613457716335;tg;2013-05-23
5531;0.0473864141074226;tg;2013-05-23
9321;0.0471631842507009;tg;2013-05-23
14498;0.047061567768582;cg;2013-05-23
4496;0.0468669447110123;tg;2013-05-23
9101;0.0465466362433482;tg;2013-05-23
7834;0.0464795274549972;tg;2013-05-23
2911;0.0464517927710073;tg;2013-05-23
8644;0.0463709124673192;tg;2013-05-23
1041;0.046240520565602;tg;2013-05-23
13803;0.0460276722740551;tg;2013-05-23
108;0.0460131343690373;tg;2013-05-23
7127;0.0459060851505221;tg;2013-05-23
2557;0.0458877093281359;cg;2013-05-23
8931;0.045837600220924;tg;2013-05-23
7812;0.0457742106067658;tg;2013-05-23
9845;0.0456898211032882;tg;2013-05-23
9062;0.0456850422538059;tg;2013-05-23
8986;0.0456437867577715;tg;2013-05-23
4905;0.0455952062074216;tg;2013-05-23
542;0.0455625078593843;cg;2013-05-23
1878;0.0454949873756041;tg;2013-05-23
3878;0.0452751512999775;cg;2013-05-23
7428;0.0452179039048547;cg;2013-05-23
4901;0.0447997889873394;tg;2013-05-23
9479;0.044753796813868;tg;2013-05-23
9275;0.044751613638928;cg;2013-05-23
12850;0.0445769705619427;tg;2013-05-23
5017;0.0444173693025877;tg;2013-05-23
4645;0.0443869104501926;cg;2013-05-23
11195;0.0438988994099942;cg;2013-05-23
11300;0.0438129534878456;tg;2013-05-23
11600;0.0437987204221121;tg;2013-05-23
235;0.0437449097452144;tg;2013-05-23
12451;0.0436751648972266;tg;2013-05-23
7176;0.0436278994782671;tg;2013-05-23
5965;0.0434961164407563;tg;2013-05-23
6161;0.0434473219024646;cg;2013-05-23
12745;0.043421928489199;tg;2013-05-23
7622;0.043412817369421;tg;2013-05-23
9953;0.0433760422859932;cg;2013-05-23
5496;0.0431626151046838;tg;2013-05-23
10906;0.0429499748831764;tg;2013-05-23
1400;0.0428605639241877;tg;2013-05-23
9779;0.0421070379311984;tg;2013-05-23
432;0.0420810083342478;cg;2013-05-23
8297;0.0420530278122671;tg;2013-05-23
1010;0.0419417197890566;tg;2013-05-23
1175;0.0418244723922089;tg;2013-05-23
5251;0.0415604676074284;tg;2013-05-23
11276;0.0415110393606173;tg;2013-05-23
12737;0.0413314364421411;tg;2013-05-23
3019;0.0411883880933836;tg;2013-05-23
13409;0.041055578461171;tg;2013-05-23
2902;0.0408861612446064;tg;2013-05-23
7023;0.0405052665521825;tg;2013-05-23
10532;0.0404657450591454;cg;2013-05-23
13690;0.0399466297897751;tg;2013-05-23
2691;0.0398473602467915;tg;2013-05-23
6421;0.0397194935018129;tg;2013-05-23
137;0.0397107322451783;cg;2013-05-23
9625;0.0395047039132995;tg;2013-05-23
2346;0.0394680379990336;tg;2013-05-23
14645;0.0392356581839195;tg;2013-05-23
4870;0.0390466234779733;tg;2013-05-23
12858;0.0388423254961316;tg;2013-05-23
3556;0.0388208446160218;tg;2013-05-23
14610;0.0387737897193182;tg;2013-05-23
4630;0.0387343059833033;tg;2013-05-23
13207;0.0381468752013543;tg;2013-05-23
7575;0.0378642472390782;tg;2013-05-23
867;0.0376314082631212;tg;2013-05-23
8638;0.0374973392472292;tg;2013-05-23
2361;0.0373501735825536;tg;2013-05-23
3300;0.0373187798045713;cg;2013-05-23
14960;0.0372817425087417;tg;2013-05-23
5356;0.0372158123949327;tg;2013-05-23
9393;0.037124905453;tg;2013-05-23
5259;0.0368139697298539;tg;2013-05-23
13858;0.0368091385137351;tg;2013-05-23
3620;0.0367211859986147;tg;2013-05-23
1591;0.0367072935544393;tg;2013-05-23
6227;0.036575344018174;tg;2013-05-23
11833;0.0364695709341155;tg;2013-05-23
1778;0.0364286726817962;tg;2013-05-23
10833;0.0363952541790208;cg;2013-05-23
5855;0.0362816728355252;tg;2013-05-23
7204;0.0362172573403452;cg;2013-05-23
497;0.0359480774700624;cg;2013-05-23
14654;0.0358134429340409;tg;2013-05-23
3240;0.0352754196233606;cg;2013-05-23
1198;0.03515229444812;cg;2013-05-23
10305;0.0350780147930343;tg;2013-05-23
6647;0.0350640435487789;tg;2013-05-23
4339;0.034850378166313;tg;2013-05-23
10814;0.0347758551188361;tg;2013-05-23
5545;0.0346488994857253;tg;2013-05-23
4605;0.0342018472585835;tg;2013-05-23
5206;0.0341235415918323;tg;2013-05-23
2374;0.0340461864027146;tg;2013-05-23
7265;0.0340092367477708;tg;2013-05-23
14053;0.0339810260677692;tg;2013-05-23
67;0.0339438525632832;tg;2013-05-23
6465;0.0338402842738806;cg;2013-05-23
14904;0.0338109990880222;tg;2013-05-23
2097;0.0336957618119673;tg;2013-05-23
613;0.033469098043532;tg;2013-05-23
1982;0.0333103348416267;tg;2013-05-23
7568;0.0331800341765656;tg;2013-05-23
7759;0.0331723110178808;tg;2013-05-23
10322;0.0331285899092798;tg;2013-05-23
14029;0.0329628616490332;cg;2013-05-23
2114;0.0328656641158237;cg;2013-05-23
4978;0.0326047916739366;cg;2013-05-23
10488;0.0325774830137539;tg;2013-05-23
11387;0.0325654708045199;cg;2013-05-23
2185;0.0324061968430877;tg;2013-05-23
11026;0.0321524389596068;tg;2013-05-23
1128;0.0320538065246325;tg;2013-05-23
4064;0.0318778654100209;tg;2013-05-23
904;0.0318580761509497;tg;2013-05-23
5616;0.0318195546245576;tg;2013-05-23
4165;0.0316326433212986;tg;2013-05-23
8468;0.0316204684531967;tg;2013-05-23
11697;0.0314924986776584;tg;2013-05-23
2040;0.0314464565681839;cg;2013-05-23
1242;0.0314209793995514;cg;2013-05-23
4393;0.0313860494863259;tg;2013-05-23
8074;0.031264017931954;tg;2013-05-23
6246;0.0311149563955634;tg;2013-05-23
8799;0.0309359041608034;tg;2013-05-23
10935;0.0308704678241423;tg;2013-05-23
1515;0.0307516410233888;tg;2013-05-23
8864;0.0306699260352162;tg;2013-05-23
2216;0.0306161775131807;tg;2013-05-23
2489;0.030531025214672;tg;2013-05-23
7302;0.0304596330256963;cg;2013-05-23
4602;0.0304383088385401;tg;2013-05-23
3721;0.0303675742122876;tg;2013-05-23
12869;0.0302524698550482;tg;2013-05-23
5905;0.0301539936341844;tg;2013-05-23
7763;0.0301154263171301;tg;2013-05-23
5237;0.0299371438281714;tg;2013-05-23
1080;0.0298192652000014;cg;2013-05-23
12236;0.0296138299903525;tg;2013-05-23
6744;0.0292289673440926;tg;2013-05-23
4537;0.0291805118170253;cg;2013-05-23
8349;0.0291089439316134;tg;2013-05-23
2861;0.0289732156869627;tg;2013-05-23
14384;0.0286467203170767;tg;2013-05-23
13587;0.0286120031502036;tg;2013-05-23
6726;0.0285566241071691;cg;2013-05-23
7443;0.0285122371423429;tg;2013-05-23
13781;0.0284746150923951;tg;2013-05-23
10568;0.0283650887214412;tg;2013-05-23
5572;0.0282692540630621;tg;2013-05-23
3802;0.0282679021943103;tg;2013-05-23
7947;0.028249319111423;tg;2013-05-23
444;0.0282108569797862;tg;2013-05-23
13098;0.0281790304216512;tg;2013-05-23
612;0.0279096359765993;cg;2013-05-23
12929;0.0279041450732433;tg;2013-05-23
8817;0.0278700713016939;cg;2013-05-23
13303;0.027654865330927;tg;2013-05-23
11747;0.0274109763066747;cg;2013-05-23
770;0.0274045164513468;tg;2013-05-23
10855;0.0273986783433812;tg;2013-05-23
12931;0.0273438301660009;tg;2013-05-23
14531;0.0272557065947203;cg;2013-05-23
280;0.0268852535413566;tg;2013-05-23
11534;0.0268819108088833;tg;2013-05-23
773;0.0268597494754214;cg;2013-05-23
8618;0.026856877923079;tg;2013-05-23
13308;0.026698388413501;cg;2013-05-23
12649;0.0266807622228972;tg;2013-05-23
11986;0.0265530302143895;tg;2013-05-23
4453;0.0265487011934589;cg;2013-05-23
13385;0.0265374260384043;tg;2013-05-23
10708;0.026514847982379;tg;2013-05-23
5302;0.0262622330465481;tg;2013-05-23
13823;0.0262127683696139;tg;2013-05-23
4092;0.0261994315684326;tg;2013-05-23
3374;0.0261427185087879;tg;2013-05-23
10081;0.0259103000211243;tg;2013-05-23
14541;0.0258949896311462;tg;2013-05-23
8523;0.0258119485733001;tg;2013-05-23
10437;0.0257489956223798;tg;2013-05-23
5710;0.0257063218729842;tg;2013-05-23
9030;0.025694079401548;tg;2013-05-23
13434;0.0256444392696905;tg;2013-05-23
14892;0.0255364588975974;tg;2013-05-23
14603;0.0254953375036601;tg;2013-05-23
12269;0.0252984359383785;tg;2013-05-23
2602;0.0252573963081304;tg;2013-05-23
8303;0.0251976521038217;tg;2013-05-23
5353;0.0251553752760429;tg;2013-05-23
8205;0.0251359514891482;tg;2013-05-23
3589;0.025124305838138;cg;2013-05-23
58;0.0251143404468928;tg;2013-05-23
13636;0.0251072736301157;tg;2013-05-23
4185;0.0251040096356775;cg;2013-05-23
5482;0.025038961845353;cg;2013-05-23
4221;0.0249434536897797;tg;2013-05-23
10462;0.0249389384243021;tg;2013-05-23
617;0.0249359207942717;tg;2013-05-23
2660;0.0249205704928851;tg;2013-05-23
8080;0.0248718572020854;tg;2013-05-23
4214;0.0248495233089768;tg;2013-05-23
14456;0.0247985336854071;tg;2013-05-23
13497;0.0243801120836172;tg;2013-05-23
13202;0.0243197268731867;cg;2013-05-23
11624;0.0241733258293313;tg;2013-05-23
2260;0.0240813608536409;tg;2013-05-23
14934;0.0239879065548732;cg;2013-05-23
3179;0.0239778353227065;tg;2013-05-23
278;0.023940978597578;tg;2013-05-23
9858;0.0239147876263943;tg;2013-05-23
7368;0.0237803203886902;tg;2013-05-23
12358;0.023686680139433;tg;2013-05-23
5598;0.0236812645148936;tg;2013-05-23
6232;0.0235783812068351;tg;2013-05-23
6968;0.0234416349070923;tg;2013-05-23
13406;0.0233688849218115;cg;2013-05-23
5300;0.0231651100003884;tg;2013-05-23
4222;0.0229844993215456;tg;2013-05-23
3149;0.0229641136924094;tg;2013-05-23
13378;0.0229632334595984;tg;2013-05-23
13821;0.0228348487894274;tg;2013-05-23
3968;0.0226816409081152;tg;2013-05-23
13263;0.0226450024934984;tg;2013-05-23
9576;0.022638412239832;tg;2013-05-23
14852;0.0226284236329602;tg;2013-05-23
14180;0.0226049777671437;tg;2013-05-23
12439;0.0225086991436367;tg;2013-05-23
2867;0.0224333075330955;cg;2013-05-23
13103;0.0223590236669544;tg;2013-05-23
14151;0.0222970922574088;tg;2013-05-23
7772;0.0222693637796253;tg;2013-05-23
4219;0.0222022348479812;tg;2013-05-23
14296;0.0221659353364753;tg;2013-05-23
4015;0.0220327980644181;tg;2013-05-23
615;0.0219529054489588;cg;2013-05-23
3082;0.0219057991987507;tg;2013-05-23
11143;0.0218801729741106;tg;2013-05-23
8129;0.0218716469982334;cg;2013-05-23
9541;0.0217118770388512;cg;2013-05-23
13024;0.0217043785814976;tg;2013-05-23
10557;0.021463557008088;tg;2013-05-23
7011;0.021443119425597;tg;2013-05-23
12836;0.0214360506120189;tg;2013-05-23
5066;0.0214185139863721;tg;2013-05-23
3078;0.0213568045897929;tg;2013-05-23
9768;0.021275274283718;tg;2013-05-23
7031;0.0212533674623572;tg;2013-05-23
1230;0.0211934812829529;tg;2013-05-23
8849;0.0210329350970485;cg;2013-05-23
12456;0.0209777033741821;tg;2013-05-23
10513;0.0209697907365525;tg;2013-05-23
4852;0.0209504137801009;tg;2013-05-23
14778;0.0209426301433364;cg;2013-05-23
363;0.020890452168666;tg;2013-05-23
8465;0.0208512425162091;tg;2013-05-23
4036;0.0207874887033371;tg;2013-05-23
3407;0.0206819117472176;tg;2013-05-23
12164;0.0206184659267981;tg;2013-05-23
12928;0.020520983322313;tg;2013-05-23
11675;0.0204520690760075;tg;2013-05-23
6955;0.0204391889909542;tg;2013-05-23
12713;0.0204221664891579;tg;2013-05-23
13415;0.0201494814166722;tg;2013-05-23
12007;0.0200648300322658;tg;2013-05-23
5123;0.0200051269808627;tg;2013-05-23
7147;0.0199518171777486;tg;2013-05-23
4271;0.0199508823961615;tg;2013-05-23
10519;0.0198657537046758;tg;2013-05-23
11153;0.019756703447947;tg;2013-05-23
9484;0.0197098325657374;tg;2013-05-23
1824;0.0197051977257797;tg;2013-05-23
11790;0.0196726762616726;cg;2013-05-23
10080;0.0196381900347364;tg;2013-05-23
5815;0.0196341054531794;tg;2013-05-23
720;0.0196121509240808;tg;2013-05-23
4650;0.0194852778076564;tg;2013-05-23
1472;0.0194373680011771;tg;2013-05-23
10238;0.0194286697555269;tg;2013-05-23
7560;0.0193515815626447;tg;2013-05-23
11850;0.0193400473229913;tg;2013-05-23
10545;0.0192832776041803;tg;2013-05-23
3243;0.0192758909404097;tg;2013-05-23
4099;0.0192261563890689;tg;2013-05-23
489;0.0191897442751071;tg;2013-05-23
5178;0.0191839906630561;cg;2013-05-23
420;0.019098757406882;tg;2013-05-23
9965;0.0190155861762569;tg;2013-05-23
12728;0.0189706203633504;tg;2013-05-23
8327;0.0189544849381757;tg;2013-05-23
7714;0.0189454132528187;tg;2013-05-23
8675;0.018915872645773;tg;2013-05-23
12314;0.0187524406827584;tg;2013-05-23
14468;0.018657320282463;tg;2013-05-23
7188;0.0185048081948023;tg;2013-05-23
10452;0.0183584407770546;tg;2013-05-23
9760;0.0183411185256156;tg;2013-05-23
11547;0.0182434352521387;tg;2013-05-23
1193;0.0181928747663143;tg;2013-05-23
8709;0.0181264246267304;tg;2013-05-23
9424;0.0180788214539985;tg;2013-05-23
6693;0.0180485768774156;tg;2013-05-23
1603;0.0180392100040402;tg;2013-05-23
6485;0.0179725848102933;tg;2013-05-23
13863;0.0179235062204837;tg;2013-05-23
12370;0.0179166132075338;tg;2013-05-23
831;0.017887676117653;cg;2013-05-23
6001;0.0178868402142163;tg;2013-05-23
4600;0.0178712430598841;tg;2013-05-23
4356;0.0178626937239976;tg;2013-05-23
9616;0.0178085663739309;tg;2013-05-23
6637;0.0178063283684164;tg;2013-05-23
8647;0.0177745969345368;tg;2013-05-23
11429;0.0177221352331195;tg;2013-05-23
4257;0.0176778090940388;tg;2013-05-23
2186;0.0176682341122467;tg;2013-05-23
1915;0.0176097980441929;tg;2013-05-23
963;0.0175508118233405;tg;2013-05-23
10363;0.0175380591017174;cg;2013-05-23
1513;0.0174819113500032;cg;2013-05-23
8937;0.0173697257378291;tg;2013-05-23
14294;0.0173438812149171;tg;2013-05-23
10615;0.0173389425493891;tg;2013-05-23
8756;0.0173247018388411;tg;2013-05-23
8721;0.0173076220064343;tg;2013-05-23
6843;0.0172200980132741;tg;2013-05-23
9763;0.0172019233440771;tg;2013-05-23
14725;0.017190334588754;tg;2013-05-23
1066;0.0171428478008156;tg;2013-05-23
7083;0.0171391028656981;tg;2013-05-23
2884;0.0171296493944184;tg;2013-05-23
14136;0.0170731506984832;cg;2013-05-23
12838;0.0170455332617784;tg;2013-05-23
2772;0.0170172028903512;tg;2013-05-23
4593;0.016945709842482;tg;2013-05-23
8843;0.0169183031036385;tg;2013-05-23
9563;0.0168219776448066;tg;2013-05-23
2232;0.0167643740236258;tg;2013-05-23
2721;0.0167593660313519;tg;2013-05-23
8735;0.0167587226532953;tg;2013-05-23
6561;0.0167387257363035;cg;2013-05-23
11301;0.0166510453864993;tg;2013-05-23
5992;0.0166507683543983;tg;2013-05-23
8242;0.0165754700335776;tg;2013-05-23
3891;0.016541291462827;cg;2013-05-23
125;0.016536112470282;cg;2013-05-23
14894;0.0165250103238744;tg;2013-05-23
5544;0.0165246585108395;tg;2013-05-23
14889;0.0164712340910493;cg;2013-05-23
12771;0.0164683813227035;tg;2013-05-23
8175;0.0164407978515294;tg;2013-05-23
10984;0.0163961807611794;tg;2013-05-23
13182;0.0163799017201733;tg;2013-05-23
2270;0.0163468364648921;tg;2013-05-23
13553;0.0163420753689955;tg;2013-05-23
1372;0.0163393114818884;tg;2013-05-23
3381;0.0163364257050791;tg;2013-05-23
3651;0.0162733389661573;tg;2013-05-23
7531;0.0162677804611863;tg;2013-05-23
6357;0.0162591487874314;tg;2013-05-23
4963;0.0162507326949462;tg;2013-05-23
11774;0.0162270243181062;tg;2013-05-23
6293;0.0162105555590587;tg;2013-05-23
10378;0.0161752550607529;tg;2013-05-23
658;0.0161709758397025;cg;2013-05-23
7780;0.0161114161900601;tg;2013-05-23
1155;0.0161085126373178;tg;2013-05-23
13714;0.0160666988065428;tg;2013-05-23
2812;0.0160557065142855;tg;2013-05-23
2917;0.0160413249053078;tg;2013-05-23
13966;0.0160123837075122;tg;2013-05-23
10321;0.0159676240027043;tg;2013-05-23
9520;0.0159392697875821;tg;2013-05-23
2793;0.0158326579735979;tg;2013-05-23
10878;0.0157593314056971;cg;2013-05-23
9088;0.0157564423019548;tg;2013-05-23
8007;0.0157175724580309;tg;2013-05-23
12501;0.0156106669955429;tg;2013-05-23
12968;0.0155870989347209;cg;2013-05-23
2263;0.0155820695656227;tg;2013-05-23
11129;0.0155719644429214;tg;2013-05-23
11649;0.0155652869122277;tg;2013-05-23
1539;0.0155438620340985;cg;2013-05-23
8229;0.0155415819886025;tg;2013-05-23
7404;0.0154950821636138;tg;2013-05-23
643;0.0154317635251825;tg;2013-05-23
10775;0.0154302882821937;tg;2013-05-23
5930;0.0154302375701881;tg;2013-05-23
14403;0.0153953851247942;tg;2013-05-23
1326;0.0153933466696944;tg;2013-05-23
4788;0.0153517647886163;tg;2013-05-23
4927;0.0153403246114628;tg;2013-05-23
1300;0.0153344148462595;tg;2013-05-23
9721;0.015331814479473;tg;2013-05-23
9358;0.0152861747042612;tg;2013-05-23
3144;0.0152644722723968;tg;2013-05-23
10444;0.0152394332821412;cg;2013-05-23
4108;0.0152242173954868;tg;2013-05-23
6830;0.0152036476905618;tg;2013-05-23
6010;0.015176083852992;tg;2013-05-23
9196;0.0151531647624352;tg;2013-05-23
14751;0.0151491988665413;tg;2013-05-23
1785;0.0151480749105233;cg;2013-05-23
2845;0.015146584914966;cg;2013-05-23
1024;0.0151370736601085;cg;2013-05-23
8;0.0151258030706049;tg;2013-05-23
8683;0.0151122905208314;tg;2013-05-23
9074;0.015082350159365;tg;2013-05-23
10129;0.0150754604454623;tg;2013-05-23
1768;0.0150572723761241;tg;2013-05-23
3477;0.0149745890751213;tg;2013-05-23
5331;0.0149259140943188;cg;2013-05-23
14297;0.0149192752821589;tg;2013-05-23
3009;0.0149130775037082;tg;2013-05-23
7522;0.0149053840259393;tg;2013-05-23
8570;0.0148622365621875;tg;2013-05-23
11700;0.0148444575289251;tg;2013-05-23
5140;0.01481698959661;tg;2013-05-23
14525;0.014816055097497;tg;2013-05-23
9326;0.0148132957692953;cg;2013-05-23
10922;0.0147595230443624;tg;2013-05-23
11707;0.0146040803895221;tg;2013-05-23
6528;0.0145966372850458;tg;2013-05-23
11078;0.0145595072199872;cg;2013-05-23
8538;0.0144585845026397;tg;2013-05-23
9959;0.0144432295166267;tg;2013-05-23
8018;0.0143480457981734;tg;2013-05-23
9782;0.0143024161060698;tg;2013-05-23
11324;0.0142871699937149;tg;2013-05-23
1134;0.0142112102769476;tg;2013-05-23
1310;0.0142089377120282;cg;2013-05-23
11496;0.0141996110253739;tg;2013-05-23
11868;0.0141883280973993;tg;2013-05-23
10586;0.0141874743445299;cg;2013-05-23
3836;0.0141669393014118;tg;2013-05-23
4345;0.0141605876695641;tg;2013-05-23
4886;0.0141144090727762;tg;2013-05-23
12345;0.0140853680576927;tg;2013-05-23
6264;0.01408138619565;tg;2013-05-23
5892;0.0140646748437756;tg;2013-05-23
6948;0.014064395871356;tg;2013-05-23
1854;0.0140561859236279;cg;2013-05-23
5190;0.0139153080658635;tg;2013-05-23
12806;0.0138735801818893;cg;2013-05-23
4973;0.0138605582515337;tg;2013-05-23
6714;0.0138339571286664;tg;2013-05-23
3831;0.0138246097793782;tg;2013-05-23
13980;0.0138159520227473;tg;2013-05-23
4459;0.0137812601124885;tg;2013-05-23
10020;0.0137646989998472;tg;2013-05-23
4169;0.0137183699698785;tg;2013-05-23
11784;0.0137033106984682;tg;2013-05-23
3092;0.0136701332442879;cg;2013-05-23
6597;0.0136676689390295;tg;2013-05-23
4658;0.0136172972123238;tg;2013-05-23
1034;0.0136095354235142;tg;2013-05-23
1089;0.0135877259780187;cg;2013-05-23
60;0.013549481784641;tg;2013-05-23
14555;0.0135392592092677;tg;2013-05-23
14792;0.0135274890874353;tg;2013-05-23
947;0.0134343678113614;cg;2013-05-23
12389;0.01342199200182;tg;2013-05-23
2752;0.013400472870695;tg;2013-05-23
14502;0.0133997095707451;tg;2013-05-23
1223;0.0133871077849595;cg;2013-05-23
2303;0.0133369897285789;tg;2013-05-23
14737;0.0133228121446916;tg;2013-05-23
3214;0.0132974766383717;tg;2013-05-23
7054;0.0132621943298749;tg;2013-05-23
9184;0.0132102796901201;tg;2013-05-23
3911;0.0132033041681069;tg;2013-05-23
4346;0.0131900439865267;tg;2013-05-23
10944;0.0131147057863871;cg;2013-05-23
8587;0.0131090676705676;tg;2013-05-23
7435;0.0130995653498156;tg;2013-05-23
1356;0.0130672738502237;tg;2013-05-23
9665;0.0130544342886542;tg;2013-05-23
14073;0.0130251454608427;tg;2013-05-23
2241;0.0130178843486564;cg;2013-05-23
9621;0.0129997275733207;tg;2013-05-23
12004;0.0129765459094933;tg;2013-05-23
11698;0.0129644890520305;tg;2013-05-23
6435;0.0129460273816542;tg;2013-05-23
6734;0.0129437115263875;tg;2013-05-23
11764;0.0128926257662892;tg;2013-05-23
8654;0.0128877355373194;cg;2013-05-23
7259;0.012845980685037;tg;2013-05-23
11317;0.0128303141536937;tg;2013-05-23
4822;0.0128119337438048;tg;2013-05-23
13246;0.0127953964186596;tg;2013-05-23
14817;0.0127815402948209;tg;2013-05-23
6346;0.0127455545569247;tg;2013-05-23
14980;0.0127411796333474;tg;2013-05-23
4061;0.0126931346447814;tg;2013-05-23
2918;0.0126303039008756;tg;2013-05-23
7426;0.0125851713424653;tg;2013-05-23
4739;0.0125448271430114;tg;2013-05-23
8304;0.0125395711515162;cg;2013-05-23
14943;0.0125368529964002;tg;2013-05-23
12613;0.0125356662749583;tg;2013-05-23
10959;0.012488094839249;cg;2013-05-23
3824;0.0124804372240533;tg;2013-05-23
3064;0.0124721285929174;tg;2013-05-23
4671;0.0124684005893604;cg;2013-05-23
11887;0.0124528484058264;tg;2013-05-23
7537;0.0124336937383935;cg;2013-05-23
8845;0.0124164854315708;cg;2013-05-23
4521;0.012405869870539;tg;2013-05-23
1263;0.0123940732406541;tg;2013-05-23
8038;0.0123596136773006;cg;2013-05-23
236;0.0122814645252733;cg;2013-05-23
14443;0.0122783921078786;tg;2013-05-23
12404;0.012275318344784;tg;2013-05-23
1210;0.0122500807014485;tg;2013-05-23
14196;0.0122346305344266;tg;2013-05-23
7903;0.0122291142782812;tg;2013-05-23
6623;0.0122277925411124;tg;2013-05-23
9460;0.0122167838899036;tg;2013-05-23
11137;0.0121992839717736;tg;2013-05-23
10591;0.012178463862246;tg;2013-05-23
13046;0.012177212479495;tg;2013-05-23
8107;0.0121425463463006;cg;2013-05-23
10372;0.0121417868800667;tg;2013-05-23
11777;0.0121169552343484;tg;2013-05-23
11903;0.012115900203957;tg;2013-05-23
4147;0.0120963227535905;tg;2013-05-23
3603;0.0120653230326783;tg;2013-05-23
10526;0.0120022960874767;tg;2013-05-23
10087;0.011980098327431;tg;2013-05-23
10886;0.0119663626741357;tg;2013-05-23
11681;0.0119568433313056;tg;2013-05-23
4495;0.0119281070260759;tg;2013-05-23
4132;0.0119258547953893;cg;2013-05-23
8116;0.0119109368699479;tg;2013-05-23
3138;0.0119010658831287;cg;2013-05-23
12660;0.0118815781915997;tg;2013-05-23
2023;0.0118728552753769;tg;2013-05-23
3557;0.0118570027409449;cg;2013-05-23
3559;0.0118350913198829;tg;2013-05-23
6362;0.0118202388801484;tg;2013-05-23
9787;0.0117977963783581;tg;2013-05-23
8240;0.0117925117496416;tg;2013-05-23
3885;0.0117821992998451;tg;2013-05-23
11985;0.0117744538627633;tg;2013-05-23
11109;0.0117274073981201;tg;2013-05-23
6031;0.0116849525798564;tg;2013-05-23
9821;0.0116555982282732;cg;2013-05-23
1516;0.0116166559546721;cg;2013-05-23
4604;0.0116133176144284;tg;2013-05-23
10695;0.0115615850520742;tg;2013-05-23
993;0.0115396231401907;tg;2013-05-23
1435;0.0115332913994573;tg;2013-05-23
700;0.011492026104156;tg;2013-05-23
870;0.0114813749497113;cg;2013-05-23
3050;0.011476974662067;tg;2013-05-23
11725;0.0114750440464252;cg;2013-05-23
13128;0.0114296959249135;tg;2013-05-23
7447;0.0114169875048883;tg;2013-05-23
14421;0.0114074410850807;tg;2013-05-23
4480;0.0114034234809485;tg;2013-05-23
9764;0.0114031818220075;tg;2013-05-23
4621;0.0114024355608851;tg;2013-05-23
8314;0.0113967200640734;tg;2013-05-23
14014;0.0113846809482063;tg;2013-05-23
13481;0.0113794896910121;tg;2013-05-23
14418;0.0113729811821513;tg;2013-05-23
11073;0.011358702926065;tg;2013-05-23
13107;0.0113420140983241;tg;2013-05-23
1963;0.0112934090774612;tg;2013-05-23
8515;0.0112928863053813;tg;2013-05-23
2120;0.0112894143010717;tg;2013-05-23
12764;0.0112829712510341;tg;2013-05-23
11424;0.011280991101236;cg;2013-05-23
695;0.0112747874631921;tg;2013-05-23
11976;0.0112664212739116;tg;2013-05-23
1561;0.0112154544974085;tg;2013-05-23
12342;0.0112080305358341;tg;2013-05-23
14970;0.0112038210867131;tg;2013-05-23
3637;0.0112012801506854;tg;2013-05-23
5362;0.0111984271318722;tg;2013-05-23
8332;0.0111815424171084;tg;2013-05-23
10246;0.0111408190678777;cg;2013-05-23
153;0.0111270243286409;tg;2013-05-23
12948;0.011126604709652;tg;2013-05-23
3343;0.0111222044089784;tg;2013-05-23
4394;0.0111138762886883;tg;2013-05-23
14481;0.0111087863544393;tg;2013-05-23
10784;0.0110325147478648;cg;2013-05-23
6271;0.0110130620530948;cg;2013-05-23
9081;0.0109829039779485;tg;2013-05-23
13057;0.0109815078013618;tg;2013-05-23
9538;0.0109703243096884;tg;2013-05-23
14181;0.0109631557033967;tg;2013-05-23
7024;0.0109432640455967;tg;2013-05-23
12044;0.0109406959363391;tg;2013-05-23
13466;0.0109328715059812;tg;2013-05-23
7181;0.0109279339876936;tg;2013-05-23
11661;0.0108262842548131;tg;2013-05-23
6092;0.0108223145093142;cg;2013-05-23
1961;0.0108217701986053;tg;2013-05-23
3621;0.0108206495579394;cg;2013-05-23
2279;0.010813274030605;cg;2013-05-23
4047;0.0108054938607618;tg;2013-05-23
12618;0.010795911759915;cg;2013-05-23
1258;0.0107754765358506;tg;2013-05-23
13218;0.0107729077887173;tg;2013-05-23
8336;0.0107549112245706;tg;2013-05-23
5377;0.0107424023068694;tg;2013-05-23
6312;0.0107228972523068;tg;2013-05-23
11905;0.0107108897333046;cg;2013-05-23
10075;0.0107097716543148;tg;2013-05-23
6200;0.0107082948947592;tg;2013-05-23
7502;0.0106887408550697;cg;2013-05-23
13779;0.0106709128800252;tg;2013-05-23
10250;0.010667339964108;tg;2013-05-23
13541;0.0106335536783834;tg;2013-05-23
12785;0.0106332170706707;tg;2013-05-23
13365;0.010628785088882;tg;2013-05-23
9731;0.0106273042438201;tg;2013-05-23
2088;0.0106223945384883;tg;2013-05-23
2958;0.0106189058161788;tg;2013-05-23
2173;0.0106092709012854;tg;2013-05-23
14315;0.0106064091976884;cg;2013-05-23
6778;0.0106039447848071;cg;2013-05-23
1387;0.0105987297300021;tg;2013-05-23
411;0.0105893242864436;tg;2013-05-23
2131;0.0105838161798978;tg;2013-05-23
7681;0.0105713621788905;tg;2013-05-23
7624;0.0105621546202963;tg;2013-05-23
13998;0.0105353822307127;cg;2013-05-23
3687;0.0105350091618494;tg;2013-05-23
5697;0.0105220033885959;tg;2013-05-23
11094;0.0105069915789385;cg;2013-05-23
10155;0.0104987157992146;tg;2013-05-23
2937;0.0104935460949843;cg;2013-05-23
9033;0.0104810096868692;cg;2013-05-23
10998;0.010475773353591;tg;2013-05-23
7064;0.0104696885203924;tg;2013-05-23
10207;0.0104634439508732;tg;2013-05-23
2921;0.0104597558036581;cg;2013-05-23
2362;0.0104368446926909;tg;2013-05-23
115;0.0104068247022568;tg;2013-05-23
1797;0.0104036665419632;tg;2013-05-23
6791;0.0104006152727701;tg;2013-05-23
11970;0.0103996755037093;tg;2013-05-23
9492;0.0103976825958266;tg;2013-05-23
336;0.0103856262246768;cg;2013-05-23
7376;0.0103650135962241;tg;2013-05-23
8507;0.0103638970107593;cg;2013-05-23
10365;0.0103637908671304;tg;2013-05-23
10690;0.0103489916336615;tg;2013-05-23
3183;0.0103428062197864;cg;2013-05-23
5499;0.0103358670350807;tg;2013-05-23
8345;0.0103324690998807;tg;2013-05-23
3789;0.0103183636514277;tg;2013-05-23
7997;0.0103133275668334;tg;2013-05-23
4857;0.0103083019766577;tg;2013-05-23
7033;0.0103081203490357;cg;2013-05-23
5242;0.0102887508177668;tg;2013-05-23
4481;0.0102810377654664;tg;2013-05-23
1613;0.0102710328152641;cg;2013-05-23
6698;0.0102707065966434;tg;2013-05-23
12100;0.0102672276963746;tg;2013-05-23
7039;0.0102619536063523;tg;2013-05-23
10453;0.0102556358278043;tg;2013-05-23
3377;0.0102544506810329;tg;2013-05-23
12867;0.0102538924762585;tg;2013-05-23
7275;0.0102225932378779;tg;2013-05-23
13318;0.0102192005824375;cg;2013-05-23
10781;0.0102014322774842;tg;2013-05-23
11417;0.0101958546948854;tg;2013-05-23
6290;0.0101948277941387;tg;2013-05-23
4508;0.0101558608174755;tg;2013-05-23
5870;0.0101550995242651;tg;2013-05-23
2368;0.0101451921124089;tg;2013-05-23
13428;0.0101304268489077;tg;2013-05-23
3372;0.0101179133940607;cg;2013-05-23
9744;0.010115941770403;tg;2013-05-23
7837;0.0100932384158998;tg;2013-05-23
13788;0.0100920812798426;tg;2013-05-23
8600;0.0100855414586083;tg;2013-05-23
12184;0.0100740507714252;tg;2013-05-23
11793;0.010072207829145;tg;2013-05-23
4134;0.0100217387494723;tg;2013-05-23
1183;0.0100182562069995;tg;2013-05-23
2771;0.0100103390754991;tg;2013-05-23
12751;0.00999992774310727;tg;2013-05-23
7820;0.00998942514390053;tg;2013-05-23
9599;0.00998054124888424;tg;2013-05-23
2970;0.00997669202464717;tg;2013-05-23
5100;0.00997401424495361;tg;2013-05-23
13467;0.00996673329214856;tg;2013-05-23
9153;0.00994910081831034;tg;2013-05-23
5971;0.00994376821969568;tg;2013-05-23
9312;0.0099356835376696;tg;2013-05-23
1690;0.00992690886732004;tg;2013-05-23
9471;0.00992659637515233;tg;2013-05-23
10718;0.00991940360805554;tg;2013-05-23
1681;0.00991727324707009;tg;2013-05-23
13847;0.00991409537612184;tg;2013-05-23
5848;0.00991074856837265;tg;2013-05-23
6432;0.00990944353252641;tg;2013-05-23
128;0.00990367697210525;tg;2013-05-23
3051;0.00989605607465695;cg;2013-05-23
6416;0.00989477626459236;tg;2013-05-23
8076;0.00988797315813465;cg;2013-05-23
2242;0.00988446786258223;tg;2013-05-23
11209;0.0098661058715282;tg;2013-05-23
7199;0.00986229783102601;tg;2013-05-23
1786;0.00985639057304131;tg;2013-05-23
1297;0.00984460149100922;tg;2013-05-23
11030;0.00984052589419477;tg;2013-05-23
1320;0.00983363164640298;tg;2013-05-23
1956;0.00982855971810197;tg;2013-05-23
2187;0.00982517641358932;tg;2013-05-23
11862;0.00981405474349466;tg;2013-05-23
10713;0.00980529655460719;cg;2013-05-23
1244;0.00979528399857559;tg;2013-05-23
12527;0.00978828853074027;cg;2013-05-23
8475;0.00977554413472579;tg;2013-05-23
5899;0.00977455116170084;tg;2013-05-23
6735;0.00976844950073343;tg;2013-05-23
3525;0.00975763323676325;tg;2013-05-23
6303;0.00975647973326274;tg;2013-05-23
9459;0.00975233511285269;cg;2013-05-23
2545;0.00972086240007528;tg;2013-05-23
3484;0.009703628845454;cg;2013-05-23
6608;0.00970097050251877;tg;2013-05-23
9124;0.00969292276706586;tg;2013-05-23
1424;0.00968776087360574;cg;2013-05-23
5430;0.00967523182963187;tg;2013-05-23
3437;0.00967444396690532;tg;2013-05-23
2333;0.00966186462918282;tg;2013-05-23
5547;0.00966084073522285;tg;2013-05-23
14865;0.00965741977004225;tg;2013-05-23
7501;0.00962916052273433;tg;2013-05-23
13038;0.00961129937220596;tg;2013-05-23
14282;0.00958843643134437;tg;2013-05-23
4735;0.00958806815270631;cg;2013-05-23
13336;0.00957995471491963;tg;2013-05-23
8720;0.00957854016241881;cg;2013-05-23
14321;0.00956690076644641;tg;2013-05-23
1678;0.00954330699516709;tg;2013-05-23
3190;0.00953856329403037;tg;2013-05-23
2919;0.00952564093496649;tg;2013-05-23
10180;0.00952247101237693;cg;2013-05-23
380;0.00952192503689677;cg;2013-05-23
5887;0.00951731399245968;tg;2013-05-23
9161;0.00950910662447197;tg;2013-05-23
7969;0.00950261959057115;cg;2013-05-23
686;0.00948798435533703;cg;2013-05-23
2105;0.00948441729429418;tg;2013-05-23
6986;0.00948383702887485;tg;2013-05-23
5125;0.00947835319711943;tg;2013-05-23
7930;0.00947389743415962;tg;2013-05-23
6145;0.00946359226011634;tg;2013-05-23
13443;0.00945623843633769;tg;2013-05-23
3376;0.00945413417102684;tg;2013-05-23
3171;0.00945327809675288;tg;2013-05-23
12825;0.00944417318616659;tg;2013-05-23
19;0.00944155265112082;tg;2013-05-23
6328;0.00943881810010677;tg;2013-05-23
11428;0.00943467156940107;tg;2013-05-23
7799;0.009432701164789;tg;2013-05-23
1848;0.00942525526754253;tg;2013-05-23
13480;0.00941064322965535;tg;2013-05-23
7875;0.0094089265979015;tg;2013-05-23
4233;0.00940780879497778;cg;2013-05-23
4730;0.00935716656816931;tg;2013-05-23
2524;0.00935292166040188;tg;2013-05-23
708;0.00934309176031268;tg;2013-05-23
3356;0.00933349133730167;tg;2013-05-23
13688;0.00932811206494315;tg;2013-05-23
11831;0.00931527232552994;tg;2013-05-23
3850;0.00931375479824903;cg;2013-05-23
13607;0.00929519405541171;tg;2013-05-23
1063;0.00928710108158775;tg;2013-05-23
11676;0.00928157571166517;tg;2013-05-23
12970;0.00927944241338007;tg;2013-05-23
2115;0.00927609115916037;cg;2013-05-23
6690;0.00927602382193972;tg;2013-05-23
12141;0.0092701526957349;cg;2013-05-23
3502;0.00926577329424722;tg;2013-05-23
9693;0.00926360420243287;tg;2013-05-23
10351;0.00925086408905089;tg;2013-05-23
1892;0.00924200084075509;tg;2013-05-23
2198;0.00923814195816184;tg;2013-05-23
2849;0.00923813969484689;cg;2013-05-23
1884;0.00923422988058024;cg;2013-05-23
1327;0.00923094860428127;cg;2013-05-23
10114;0.00921924986901287;tg;2013-05-23
3818;0.00921700943715596;tg;2013-05-23
11657;0.00921541990854281;tg;2013-05-23
10021;0.00920475511858746;tg;2013-05-23
7027;0.00919306800668584;tg;2013-05-23
6132;0.0091840272721777;cg;2013-05-23
12778;0.00918154321881158;cg;2013-05-23
4461;0.0091781062586532;tg;2013-05-23
4548;0.00915800865467899;cg;2013-05-23
10845;0.00915440301331656;tg;2013-05-23
10068;0.00913647994222455;cg;2013-05-23
5033;0.0091363735391847;tg;2013-05-23
12477;0.00912667135876342;tg;2013-05-23
8761;0.00912610712059657;tg;2013-05-23
14441;0.00912230158646378;cg;2013-05-23
2804;0.00911967642120264;tg;2013-05-23
3200;0.00911447478624571;tg;2013-05-23
6490;0.00911370362894783;tg;2013-05-23
8590;0.00911109254901087;tg;2013-05-23
5249;0.00910721317935841;tg;2013-05-23
1110;0.00910165465135056;tg;2013-05-23
12756;0.00909902215778107;tg;2013-05-23
5491;0.0090930164096171;tg;2013-05-23
12042;0.00907926303313066;cg;2013-05-23
11685;0.00907296314320333;tg;2013-05-23
12128;0.0090708343351649;tg;2013-05-23
11313;0.00906920334584351;tg;2013-05-23
12538;0.00906851679148012;tg;2013-05-23
11786;0.00906437285128084;tg;2013-05-23
14045;0.00905814987479251;tg;2013-05-23
8195;0.00905452971068571;tg;2013-05-23
10868;0.00904865198192212;tg;2013-05-23
3863;0.00904595303895561;cg;2013-05-23
13507;0.00904448177060862;tg;2013-05-23
3565;0.00904228000304591;tg;2013-05-23
232;0.00903897016992387;tg;2013-05-23
13305;0.00903510472990706;tg;2013-05-23
12802;0.00903153226854702;tg;2013-05-23
6213;0.00900350169867246;tg;2013-05-23
2523;0.00900323275693611;tg;2013-05-23
2326;0.00900055332214994;tg;2013-05-23
14207;0.00899427192148955;tg;2013-05-23
7269;0.00899411125636706;tg;2013-05-23
11115;0.00897388691651495;tg;2013-05-23
13606;0.00896613380179213;tg;2013-05-23
12409;0.00896240863620193;tg;2013-05-23
14506;0.0089560846400736;tg;2013-05-23
14287;0.00895433073847236;tg;2013-05-23
197;0.00894712332112374;tg;2013-05-23
8890;0.00894656812137793;tg;2013-05-23
3553;0.00893289838701589;tg;2013-05-23
10228;0.00893145288911814;tg;2013-05-23
3632;0.00892505926417575;tg;2013-05-23
4002;0.0089214753597699;tg;2013-05-23
9126;0.00891861274232512;tg;2013-05-23
3469;0.00891734432608346;tg;2013-05-23
835;0.00890256237470853;tg;2013-05-23
3944;0.0088934208292068;tg;2013-05-23
8609;0.00889174907146082;tg;2013-05-23
4572;0.00888812107211217;tg;2013-05-23
11569;0.008885467200177;tg;2013-05-23
728;0.00886404745063417;cg;2013-05-23
3713;0.00885527390297799;tg;2013-05-23
2646;0.00885228510590631;tg;2013-05-23
3399;0.00884809592263557;tg;2013-05-23
4378;0.00884409043484863;cg;2013-05-23
8896;0.00883519243819215;cg;2013-05-23
10394;0.00882948565344814;tg;2013-05-23
12392;0.00882519286092807;tg;2013-05-23
11264;0.00882403479001862;tg;2013-05-23
5243;0.00881851666979136;tg;2013-05-23
4987;0.00880220844393406;tg;2013-05-23
10502;0.00880025397135144;tg;2013-05-23
5159;0.00879409259334774;tg;2013-05-23
657;0.0087661634041782;tg;2013-05-23
12672;0.00874651636532978;tg;2013-05-23
4990;0.00873711435795033;tg;2013-05-23
2906;0.00872868595746387;tg;2013-05-23
574;0.0087276882369288;tg;2013-05-23
11321;0.00872319724688258;tg;2013-05-23
645;0.00870990425524253;cg;2013-05-23
10496;0.00870740059769455;tg;2013-05-23
7270;0.00870690573868052;cg;2013-05-23
14325;0.00870470095345654;cg;2013-05-23
2773;0.00870296319049727;tg;2013-05-23
13878;0.00869392304128508;cg;2013-05-23
5131;0.00868418822095037;tg;2013-05-23
9591;0.00866519727277761;tg;2013-05-23
12964;0.00865706758487875;tg;2013-05-23
6474;0.00864854468708119;tg;2013-05-23
533;0.00864559792951166;tg;2013-05-23
1532;0.00864426530241806;tg;2013-05-23
274;0.00863125518123078;tg;2013-05-23
1115;0.00861331450415337;tg;2013-05-23
2424;0.00860894255254575;tg;2013-05-23
10303;0.0086088147831977;tg;2013-05-23
14312;0.00860213917239244;cg;2013-05-23
2644;0.00860026602707524;tg;2013-05-23
4046;0.00859650270142938;cg;2013-05-23
681;0.00859428643399678;tg;2013-05-23
6376;0.00858857481939489;tg;2013-05-23
11870;0.00858110869154648;tg;2013-05-23
3665;0.00857869272540092;tg;2013-05-23
11615;0.00856546780795299;tg;2013-05-23
13312;0.00856481317313923;tg;2013-05-23
11660;0.00856439474449151;tg;2013-05-23
5724;0.00856012799816409;tg;2013-05-23
14602;0.00855455524004659;cg;2013-05-23
8019;0.0085522481887905;cg;2013-05-23
969;0.008548226585777;tg;2013-05-23
5480;0.00854253199082962;tg;2013-05-23
7250;0.00852493945118009;tg;2013-05-23
6929;0.00851257826584628;tg;2013-05-23
7088;0.00850823256792128;tg;2013-05-23
2119;0.00850052150509334;tg;2013-05-23
3433;0.00847921356093085;tg;2013-05-23
13718;0.00847849034468138;tg;2013-05-23
11983;0.00847681419149693;cg;2013-05-23
10969;0.0084728524884104;tg;2013-05-23
7219;0.00846906021928226;cg;2013-05-23
347;0.00845353642543415;tg;2013-05-23
11184;0.00844362863145771;cg;2013-05-23
2343;0.0084377030940216;tg;2013-05-23
12142;0.00843413095694562;tg;2013-05-23
12238;0.00842376405532984;tg;2013-05-23
872;0.00841619482396976;cg;2013-05-23
9003;0.00841284103382057;tg;2013-05-23
5871;0.00841268377944643;cg;2013-05-23
13241;0.00841221225075162;tg;2013-05-23
1160;0.00841161501153367;tg;2013-05-23
13908;0.00840992030122401;tg;2013-05-23
14881;0.00839958184452403;tg;2013-05-23
12391;0.00839878300013458;tg;2013-05-23
9615;0.0083962438357731;tg;2013-05-23
8620;0.00839263763589314;cg;2013-05-23
5234;0.00839095563736145;tg;2013-05-23
4350;0.00838952510900388;cg;2013-05-23
2797;0.0083856217480842;tg;2013-05-23
7351;0.00836456758590967;tg;2013-05-23
12192;0.00835202059877048;tg;2013-05-23
6566;0.00835152995860625;tg;2013-05-23
3287;0.00835028295159592;cg;2013-05-23
2705;0.00834321827986123;tg;2013-05-23
11722;0.00834120932246364;tg;2013-05-23
6236;0.00832945893515704;tg;2013-05-23
9352;0.00832375526432796;tg;2013-05-23
2516;0.00831097151877051;tg;2013-05-23
9082;0.00830551305407379;tg;2013-05-23
10632;0.00828887474022099;tg;2013-05-23
8390;0.00828521107173294;tg;2013-05-23
8778;0.00828307184162369;tg;2013-05-23
11278;0.00827239128139506;tg;2013-05-23
1357;0.00825190095486086;tg;2013-05-23
3810;0.00824220578756806;tg;2013-05-23
3625;0.0082265563007807;tg;2013-05-23
5277;0.00822329690859851;tg;2013-05-23
4988;0.00821645900296849;tg;2013-05-23
7838;0.00820756363018011;tg;2013-05-23
12522;0.00820576411490008;tg;2013-05-23
12075;0.00820278866074391;tg;2013-05-23
11591;0.00819907201792905;tg;2013-05-23
8382;0.00819573491507904;tg;2013-05-23
1632;0.00819228173471126;tg;2013-05-23
10827;0.00819153671881043;tg;2013-05-23
2388;0.00818945661431652;tg;2013-05-23
8092;0.00818812311998595;tg;2013-05-23
14866;0.008173762071433;tg;2013-05-23
6870;0.00816319252471309;cg;2013-05-23
2117;0.00815828389163291;tg;2013-05-23
4824;0.00815826143474627;tg;2013-05-23
1887;0.00815516621679613;tg;2013-05-23
10404;0.00814666941370613;cg;2013-05-23
6543;0.0081452242122997;tg;2013-05-23
100;0.00814517415627083;tg;2013-05-23
6;0.0081400154168721;tg;2013-05-23
10835;0.00813724516315123;cg;2013-05-23
11528;0.00813647125187933;tg;2013-05-23
9679;0.00812403451517557;tg;2013-05-23
6529;0.00812203817574467;tg;2013-05-23
11619;0.00811882057517404;tg;2013-05-23
14890;0.00811721331954233;cg;2013-05-23
13856;0.0081133638266685;tg;2013-05-23
11741;0.00810729138908114;tg;2013-05-23
7950;0.00809962426447043;tg;2013-05-23
3705;0.00809825050871195;tg;2013-05-23
2821;0.0080946826646196;tg;2013-05-23
7635;0.00808859744073192;tg;2013-05-23
3503;0.00808818963587254;tg;2013-05-23
14769;0.00807722871149951;tg;2013-05-23
10348;0.00807007488228977;tg;2013-05-23
2306;0.00806462485473931;tg;2013-05-23
3960;0.00805825613087713;tg;2013-05-23
1691;0.00805814720269097;tg;2013-05-23
234;0.00805400999096153;tg;2013-05-23
5271;0.00804930880253664;tg;2013-05-23
2301;0.00804752789156427;tg;2013-05-23
11911;0.00804447767321304;tg;2013-05-23
13538;0.00804041220650596;tg;2013-05-23
9077;0.00804035508729001;tg;2013-05-23
7704;0.0080398213542686;cg;2013-05-23
13494;0.00803447225067928;cg;2013-05-23
6912;0.00802729527446333;cg;2013-05-23
11213;0.00801459324104422;cg;2013-05-23
4698;0.00801267412761868;tg;2013-05-23
12359;0.00800845972809045;tg;2013-05-23
13072;0.00799953668843181;tg;2013-05-23
12416;0.00799575110541646;tg;2013-05-23
10715;0.00798825241019903;tg;2013-05-23
11191;0.00797506402365944;tg;2013-05-23
4441;0.00797194324583018;tg;2013-05-23
10277;0.00797137174210674;tg;2013-05-23
9075;0.00796826053525284;tg;2013-05-23
10258;0.00796286711155668;tg;2013-05-23
886;0.00796147622284052;tg;2013-05-23
11876;0.00796069892445857;tg;2013-05-23
12153;0.00795847642931575;tg;2013-05-23
12567;0.00795014905827711;tg;2013-05-23
12453;0.00794426911646065;tg;2013-05-23
209;0.00794403330845607;tg;2013-05-23
5743;0.00794109728741231;tg;2013-05-23
2687;0.00793971611038433;cg;2013-05-23
11086;0.00793211010905898;tg;2013-05-23
3133;0.00792624229635011;tg;2013-05-23
5167;0.00792471937164133;tg;2013-05-23
13999;0.00792394417870775;tg;2013-05-23
14494;0.00792273098201615;tg;2013-05-23
11385;0.00791107449202265;tg;2013-05-23
7400;0.00790900811727392;tg;2013-05-23
3283;0.00790749113545502;tg;2013-05-23
9722;0.00790226893622001;cg;2013-05-23
9622;0.00790220030859171;tg;2013-05-23
5455;0.00790039164286822;cg;2013-05-23
7437;0.00790009446727168;cg;2013-05-23
8738;0.00788886308427645;cg;2013-05-23
875;0.00788264805965231;tg;2013-05-23
9042;0.00787967391767587;tg;2013-05-23
6109;0.00787926490769374;tg;2013-05-23
9391;0.00787644504268022;tg;2013-05-23
13211;0.00787236106003289;cg;2013-05-23
421;0.0078693385658647;tg;2013-05-23
13642;0.00785930132234041;tg;2013-05-23
6996;0.00785561140942113;tg;2013-05-23
8028;0.00785478525435998;tg;2013-05-23
14927;0.00784764204297809;tg;2013-05-23
4049;0.00784736543311597;tg;2013-05-23
134;0.00784464281700107;tg;2013-05-23
8789;0.00783055281121408;tg;2013-05-23
6181;0.00782716117487169;cg;2013-05-23
2312;0.00782715119136991;tg;2013-05-23
6798;0.00782705717221209;tg;2013-05-23
11945;0.00782700617483438;tg;2013-05-23
2995;0.0078215695651732;tg;2013-05-23
8819;0.00781031828243506;tg;2013-05-23
7553;0.00780757141122628;tg;2013-05-23
12147;0.00780733763617852;tg;2013-05-23
8943;0.00780587654534193;tg;2013-05-23
1097;0.00779639586432182;tg;2013-05-23
13374;0.00779013681466441;tg;2013-05-23
8266;0.00778650678068146;tg;2013-05-23
3420;0.00778105897314057;tg;2013-05-23
6429;0.00778071099142626;tg;2013-05-23
2267;0.00777517783122565;tg;2013-05-23
14324;0.00777458320928895;tg;2013-05-23
10421;0.00776654333007165;tg;2013-05-23
10985;0.00776527512602145;tg;2013-05-23
14081;0.00776208707528704;tg;2013-05-23
10763;0.00775468128553261;tg;2013-05-23
11382;0.00775467260225649;tg;2013-05-23
5925;0.00774705808137553;cg;2013-05-23
3982;0.00774221303242958;tg;2013-05-23
5565;0.00772693423292053;cg;2013-05-23
7416;0.00772363681773786;tg;2013-05-23
4001;0.00772348472993313;tg;2013-05-23
739;0.00772138395556537;cg;2013-05-23
5628;0.00772106506885349;tg;2013-05-23
10941;0.00771600323500564;tg;2013-05-23
4089;0.00770754155113508;tg;2013-05-23
319;0.00770737277678899;tg;2013-05-23
6692;0.00770463366489399;tg;2013-05-23
12406;0.00770094748433355;tg;2013-05-23
10159;0.00769493878940247;tg;2013-05-23
11261;0.00769486394266524;tg;2013-05-23
11996;0.00769161034976887;tg;2013-05-23
2544;0.00768419912022899;tg;2013-05-23
2416;0.00768216984979142;tg;2013-05-23
10699;0.00766748068455613;tg;2013-05-23
3923;0.00766704469123177;tg;2013-05-23
2059;0.0076634816215076;tg;2013-05-23
12884;0.00766148061546039;cg;2013-05-23
12193;0.00765662477869127;tg;2013-05-23
14318;0.00765657771901996;tg;2013-05-23
3950;0.00765576609672235;cg;2013-05-23
8308;0.00765365789757785;tg;2013-05-23
7953;0.00763479674760215;tg;2013-05-23
11091;0.00762771712808041;tg;2013-05-23
9395;0.00761982758026181;tg;2013-05-23
9939;0.00761286324215304;tg;2013-05-23
8416;0.00760895433892809;tg;2013-05-23
45;0.00760606357626209;tg;2013-05-23
9861;0.00760572429522484;tg;2013-05-23
11690;0.00759895106115591;tg;2013-05-23
9008;0.00759533164296144;tg;2013-05-23
6277;0.00759348076426083;tg;2013-05-23
2826;0.00759083625074048;tg;2013-05-23
9701;0.00758730298417231;tg;2013-05-23
1092;0.00758687987795125;tg;2013-05-23
10388;0.00758607972601025;cg;2013-05-23
14139;0.00758530308656371;tg;2013-05-23
10705;0.00758062356780285;tg;2013-05-23
9483;0.00758044264106799;tg;2013-05-23
9448;0.00757644619368714;tg;2013-05-23
10871;0.00757282881735196;cg;2013-05-23
4055;0.00757072847148625;cg;2013-05-23
11423;0.00756769559695427;tg;2013-05-23
6049;0.00756623464164895;tg;2013-05-23
6643;0.00756214523487302;tg;2013-05-23
10264;0.00755935771825287;tg;2013-05-23
14246;0.00755497897809736;tg;2013-05-23
12705;0.00755209741425826;tg;2013-05-23
14346;0.00754290039003015;cg;2013-05-23
12006;0.00753786508191075;tg;2013-05-23
8184;0.00753488613980115;tg;2013-05-23
2367;0.00752197211062934;cg;2013-05-23
4675;0.00751619666762042;cg;2013-05-23
9119;0.00751368626727708;tg;2013-05-23
8875;0.00750923804442246;tg;2013-05-23
6862;0.00750420991833616;tg;2013-05-23
8211;0.00750212107748982;cg;2013-05-23
10295;0.00750146927607102;tg;2013-05-23
2988;0.00750057373878373;tg;2013-05-23
1747;0.00749839760317993;tg;2013-05-23
8947;0.00749650877807043;tg;2013-05-23
3349;0.00749549995532151;tg;2013-05-23
6554;0.00748991560806748;cg;2013-05-23
10528;0.00748651321787081;cg;2013-05-23
11888;0.00748355196679209;tg;2013-05-23
13322;0.00748065937395748;tg;2013-05-23
798;0.00747167189929088;tg;2013-05-23
6284;0.00746681215073351;tg;2013-05-23
8929;0.0074554141064103;tg;2013-05-23
6548;0.00744501762519901;tg;2013-05-23
9152;0.00743697110194302;cg;2013-05-23
11803;0.00743496868252167;tg;2013-05-23
1994;0.00743421075335975;tg;2013-05-23
9786;0.00743305751729933;tg;2013-05-23
13680;0.0074283895548773;tg;2013-05-23
13140;0.00742819714725363;tg;2013-05-23
11658;0.00741923519488876;tg;2013-05-23
10581;0.0074157729158526;cg;2013-05-23
3766;0.00741465066795704;tg;2013-05-23
1750;0.00741280064597329;tg;2013-05-23
11998;0.00740503451353157;cg;2013-05-23
1699;0.00740498887909057;tg;2013-05-23
4059;0.00739975606951466;tg;2013-05-23
3248;0.00739826447372223;cg;2013-05-23
8437;0.00738903861961685;tg;2013-05-23
5428;0.00738564134386885;tg;2013-05-23
9984;0.0073851510344425;cg;2013-05-23
9928;0.00738369945211925;tg;2013-05-23
13031;0.00737731642541675;tg;2013-05-23
9612;0.00737678901175981;tg;2013-05-23
334;0.00737637848164057;tg;2013-05-23
4111;0.00737308027843713;tg;2013-05-23
12877;0.00736991011755546;tg;2013-05-23
937;0.00735920809836197;tg;2013-05-23
6642;0.00735700778402721;tg;2013-05-23
13243;0.0073522617696685;tg;2013-05-23
8762;0.00734773860957618;tg;2013-05-23
6669;0.00734238327214301;tg;2013-05-23
4719;0.00734164657007718;tg;2013-05-23
4552;0.00733859291345952;tg;2013-05-23
12232;0.0073359418011897;tg;2013-05-23
5706;0.00732895261585797;tg;2013-05-23
1225;0.00732490975445212;cg;2013-05-23
5566;0.00732227420055088;tg;2013-05-23
13954;0.00731878129092338;tg;2013-05-23
10092;0.00731415974628399;tg;2013-05-23
10319;0.0073136148144642;cg;2013-05-23
7899;0.00730853783559986;tg;2013-05-23
3829;0.00730541542122803;cg;2013-05-23
2831;0.00730110124417574;tg;2013-05-23
5391;0.00729494870267871;cg;2013-05-23
1309;0.00729460127139925;cg;2013-05-23
11562;0.00729312413919905;tg;2013-05-23
2304;0.00729041492881968;tg;2013-05-23
13129;0.00728902434531307;tg;2013-05-23
465;0.00728667026580186;tg;2013-05-23
14858;0.00728242249832428;tg;2013-05-23
5725;0.00728099049303576;tg;2013-05-23
2069;0.00727844544547705;tg;2013-05-23
6719;0.00727842120282616;cg;2013-05-23
256;0.00727761853290284;tg;2013-05-23
2774;0.00727222185773744;tg;2013-05-23
11810;0.00727178000497988;tg;2013-05-23
11763;0.00727088179477546;tg;2013-05-23
4215;0.0072700393129582;tg;2013-05-23
8634;0.00726584192155218;tg;2013-05-23
9016;0.00726562257506019;tg;2013-05-23
5729;0.00726456125009621;tg;2013-05-23
3141;0.00725740405895003;tg;2013-05-23
7041;0.00725709494546049;cg;2013-05-23
7697;0.00725662010376104;tg;2013-05-23
11275;0.00725403246179952;tg;2013-05-23
11939;0.00725340874220782;tg;2013-05-23
11034;0.0072525414607717;tg;2013-05-23
5004;0.0072516215520203;tg;2013-05-23
14201;0.00725098522226267;cg;2013-05-23
4263;0.00724846280470896;tg;2013-05-23
2047;0.00724792063733809;cg;2013-05-23
9071;0.007247267282603;tg;2013-05-23
1499;0.00724628889747049;tg;2013-05-23
14127;0.00724469775111568;tg;2013-05-23
12235;0.0072383416173356;tg;2013-05-23
11543;0.00723777327009903;tg;2013-05-23
7143;0.00723621911911642;tg;2013-05-23
12150;0.00723329178228135;tg;2013-05-23
6893;0.00723287353126876;tg;2013-05-23
2693;0.00723237769608931;tg;2013-05-23
8631;0.00722649085694882;tg;2013-05-23
10237;0.00722594073716206;tg;2013-05-23
3673;0.00721846009060882;tg;2013-05-23
9610;0.0072164640865365;tg;2013-05-23
7897;0.00721541597164759;tg;2013-05-23
5021;0.00721304206717167;tg;2013-05-23
11733;0.00721292639704491;tg;2013-05-23
4979;0.00720967161631892;tg;2013-05-23
14625;0.00720541836751222;tg;2013-05-23
5497;0.00720241164412872;tg;2013-05-23
1251;0.00720162905091387;tg;2013-05-23
14365;0.00719879413670678;tg;2013-05-23
3791;0.00719834375415651;tg;2013-05-23
994;0.0071966957728832;tg;2013-05-23
13212;0.00719619797791437;tg;2013-05-23
13431;0.00719558469639852;tg;2013-05-23
3752;0.00719402260055554;tg;2013-05-23
9335;0.00719358559184053;tg;2013-05-23
7712;0.00719282917816924;tg;2013-05-23
10124;0.00718858039809974;tg;2013-05-23
3187;0.00717962874844755;tg;2013-05-23
8969;0.00717678981193721;tg;2013-05-23
10254;0.00717635842179202;tg;2013-05-23
11523;0.00717606509727761;tg;2013-05-23
13652;0.00717584761951726;tg;2013-05-23
8980;0.00717312676000838;tg;2013-05-23
8545;0.00717014654940424;tg;2013-05-23
5011;0.00716892529514459;cg;2013-05-23
9559;0.00716479059191557;tg;2013-05-23
13262;0.00716352804108522;tg;2013-05-23
7311;0.00716262247303616;tg;2013-05-23
6356;0.00716105301914218;tg;2013-05-23
7987;0.00716096133642889;tg;2013-05-23
4599;0.00716066483591106;tg;2013-05-23
11859;0.00715815378228373;tg;2013-05-23
8169;0.00715783270914239;tg;2013-05-23
1842;0.0071560051593332;tg;2013-05-23
13372;0.00715499813906895;tg;2013-05-23
11168;0.00715239671931903;tg;2013-05-23
10105;0.00715199642990658;tg;2013-05-23
651;0.0071509687205964;tg;2013-05-23
8717;0.00714412555926239;tg;2013-05-23
12641;0.00713735905667151;tg;2013-05-23
13201;0.00713733845245091;cg;2013-05-23
8273;0.00713379428341283;tg;2013-05-23
10558;0.00712713926560544;tg;2013-05-23
4388;0.0071242876538969;cg;2013-05-23
11141;0.00712380105605345;tg;2013-05-23
2513;0.0071203894774385;tg;2013-05-23
5915;0.00711004944965908;tg;2013-05-23
13456;0.00710898522263742;tg;2013-05-23
14189;0.00710886060780301;tg;2013-05-23
12186;0.00710649646709589;tg;2013-05-23
7943;0.00710535175510165;tg;2013-05-23
8177;0.00710486051294379;tg;2013-05-23
8971;0.0071023206159984;tg;2013-05-23
323;0.00710085543282126;tg;2013-05-23
1500;0.00710010658009061;tg;2013-05-23
36;0.00709792542912909;tg;2013-05-23
12627;0.00709632969231758;tg;2013-05-23
14662;0.00709030582499948;tg;2013-05-23
10751;0.00708941246327749;tg;2013-05-23
9907;0.00708902311752725;tg;2013-05-23
2641;0.00708637581416924;tg;2013-05-23
1150;0.00708436400128736;tg;2013-05-23
10896;0.00708421508165038;tg;2013-05-23
13586;0.00708306154652913;tg;2013-05-23
1832;0.00708301991321446;tg;2013-05-23
6059;0.00708229449009019;tg;2013-05-23
10720;0.00708039604979117;tg;2013-05-23
10971;0.00707963501797273;tg;2013-05-23
9417;0.00707905341929765;cg;2013-05-23
14631;0.00707265603492857;tg;2013-05-23
12197;0.00707227555289149;tg;2013-05-23
10273;0.00706823237620776;tg;2013-05-23
4008;0.00706794524731907;cg;2013-05-23
644;0.00706792647017407;tg;2013-05-23
5309;0.00706343170427934;tg;2013-05-23
9945;0.0070601190893277;tg;2013-05-23
7098;0.00705896155959992;tg;2013-05-23
13929;0.00705361575828322;cg;2013-05-23
5489;0.00705135453824468;cg;2013-05-23
14977;0.0070478281626659;tg;2013-05-23
3457;0.00704743312574982;tg;2013-05-23
13108;0.00704702668275919;tg;2013-05-23
6730;0.00704539961713867;tg;2013-05-23
10656;0.00704390842797776;tg;2013-05-23
3648;0.00704280346959809;tg;2013-05-23
14285;0.00704251336429536;tg;2013-05-23
1296;0.00704202352614572;cg;2013-05-23
13720;0.0070413384862255;tg;2013-05-23
11151;0.00703893851938996;tg;2013-05-23
10142;0.00703825055087505;tg;2013-05-23
121;0.00703786212615662;tg;2013-05-23
13438;0.00703050799776281;tg;2013-05-23
6423;0.00703016862121781;cg;2013-05-23
819;0.00702978578568965;tg;2013-05-23
9182;0.00702897760872803;tg;2013-05-23
1243;0.00702889099373118;tg;2013-05-23
2740;0.00702747124234206;tg;2013-05-23
8767;0.00701417454061182;tg;2013-05-23
13815;0.00701394601837069;tg;2013-05-23
3564;0.00701193841207261;tg;2013-05-23
1951;0.00701021202415742;cg;2013-05-23
6978;0.00700709638721381;tg;2013-05-23
10863;0.00700602449623449;tg;2013-05-23
10370;0.00700597741808838;cg;2013-05-23
3412;0.00700429429349079;tg;2013-05-23
9298;0.00700352484686841;tg;2013-05-23
8529;0.00700336794016026;tg;2013-05-23
7487;0.0070020011677769;tg;2013-05-23
12029;0.0069964016312995;tg;2013-05-23
1540;0.00699527178028423;tg;2013-05-23
4582;0.00699396190536405;tg;2013-05-23
6533;0.00699362410016436;tg;2013-05-23
12640;0.00699194488645838;tg;2013-05-23
14746;0.00699192198740579;tg;2013-05-23
7498;0.00699148076804844;tg;2013-05-23
12950;0.00699084635343176;tg;2013-05-23
11219;0.00698434488910113;tg;2013-05-23
4114;0.00698390724065321;tg;2013-05-23
12163;0.00698364704557433;tg;2013-05-23
9197;0.00698310986471389;tg;2013-05-23
8758;0.00697912174352589;tg;2013-05-23
8158;0.00697525116800299;tg;2013-05-23
13631;0.00697145181697642;cg;2013-05-23
8241;0.0069689367601122;tg;2013-05-23
10527;0.00696713948318988;tg;2013-05-23
5043;0.00696647388772752;cg;2013-05-23
477;0.00696288273317526;tg;2013-05-23
6575;0.00696138787034145;cg;2013-05-23
930;0.00695916024170941;tg;2013-05-23
2129;0.00695787548342377;tg;2013-05-23
9521;0.00695769294914979;tg;2013-05-23
11709;0.00695678744860688;tg;2013-05-23
5248;0.00695664359430672;tg;2013-05-23
10161;0.00695444982628613;cg;2013-05-23
11170;0.00695440265459984;cg;2013-05-23
8375;0.00695215445874832;tg;2013-05-23
603;0.0069495976241848;tg;2013-05-23
10269;0.00694809122897803;tg;2013-05-23
13795;0.00694309369552051;cg;2013-05-23
6434;0.00694187082289794;tg;2013-05-23
7512;0.00693965509549482;tg;2013-05-23
10631;0.00693961231330396;tg;2013-05-23
1116;0.00693934276995575;cg;2013-05-23
1211;0.00693825196122252;cg;2013-05-23
11279;0.00693637861193084;tg;2013-05-23
7585;0.00693626323947381;tg;2013-05-23
10643;0.00693569706832807;tg;2013-05-23
10312;0.00693548837916521;tg;2013-05-23
9252;0.00693391479900908;tg;2013-05-23
8707;0.00693187218500061;tg;2013-05-23
7366;0.00693138551028075;tg;2013-05-23
697;0.00693108349188124;tg;2013-05-23
6285;0.00692856295908845;tg;2013-05-23
10470;0.00692768589780125;cg;2013-05-23
12114;0.00692670494536971;tg;2013-05-23
461;0.00692411147539937;tg;2013-05-23
9683;0.0069228489148788;cg;2013-05-23
1607;0.00692281679662143;tg;2013-05-23
13629;0.00692260042605225;tg;2013-05-23
14919;0.00691328184456512;cg;2013-05-23
12412;0.00691194669787143;tg;2013-05-23
12239;0.00691131079085486;cg;2013-05-23
9238;0.00690883688121078;cg;2013-05-23
3338;0.00690787766269658;tg;2013-05-23
903;0.00690489554176809;cg;2013-05-23
2762;0.00690360273125369;cg;2013-05-23
470;0.00689793797996947;tg;2013-05-23
7244;0.00689473743301413;tg;2013-05-23
7280;0.00689257008660671;tg;2013-05-23
7482;0.00689204002115745;tg;2013-05-23
853;0.0068881372298017;tg;2013-05-23
2870;0.00688595661933547;tg;2013-05-23
7745;0.00688511274352973;cg;2013-05-23
3233;0.00688485131438082;tg;2013-05-23
14379;0.00688483108630176;tg;2013-05-23
9885;0.00688426048222715;tg;2013-05-23
3271;0.00688281325764635;cg;2013-05-23
12752;0.00688201759739526;tg;2013-05-23
5727;0.00688170165625753;tg;2013-05-23
1707;0.00687908965849052;tg;2013-05-23
6190;0.00687842812746932;cg;2013-05-23
13744;0.00687787871469633;tg;2013-05-23
11175;0.00687764591432787;tg;2013-05-23
11979;0.00687702216846414;tg;2013-05-23
1363;0.00687534528011795;tg;2013-05-23
1143;0.00687446223200856;tg;2013-05-23
1159;0.00686683879620478;tg;2013-05-23
7287;0.00686522492940598;tg;2013-05-23
135;0.00686487892874569;tg;2013-05-23
8798;0.00686263875705946;tg;2013-05-23
14209;0.00685945195646714;tg;2013-05-23
5746;0.00685828059898217;tg;2013-05-23
11629;0.0068572281014103;tg;2013-05-23
1359;0.00685656839858797;tg;2013-05-23
1196;0.00685589699785201;tg;2013-05-23
5744;0.00685430435377208;tg;2013-05-23
11668;0.00685096498177761;tg;2013-05-23
14390;0.00684835108957072;tg;2013-05-23
10403;0.00684517816902972;tg;2013-05-23
14330;0.00684254573526494;tg;2013-05-23
4251;0.00684232360213502;tg;2013-05-23
10504;0.00684190224317416;tg;2013-05-23
452;0.00684024675282148;tg;2013-05-23
14613;0.00683935098412055;tg;2013-05-23
7007;0.00683889535417105;tg;2013-05-23
282;0.0068359841261035;tg;2013-05-23
3991;0.0068336214883953;tg;2013-05-23
9063;0.00683329817718333;tg;2013-05-23
12736;0.00683315423221202;cg;2013-05-23
4951;0.00683287114250069;tg;2013-05-23
2629;0.00683074048522973;tg;2013-05-23
5988;0.00682775222010736;cg;2013-05-23
7866;0.00682707563323019;tg;2013-05-23
9676;0.0068263939226569;tg;2013-05-23
12347;0.00682190780557952;cg;2013-05-23
4917;0.00681819908893178;tg;2013-05-23
13578;0.00681573370470492;tg;2013-05-23
13168;0.00681435227193883;tg;2013-05-23
10580;0.00681420993914372;tg;2013-05-23
1422;0.00681108884938848;tg;2013-05-23
13666;0.00680236778500286;tg;2013-05-23
9910;0.00680223527817018;tg;2013-05-23
7130;0.00679878263970072;tg;2013-05-23
13692;0.00679788913620112;tg;2013-05-23
2470;0.00679626534211704;tg;2013-05-23
1654;0.00679437461513467;tg;2013-05-23
10482;0.00679158666379223;tg;2013-05-23
9236;0.00679131948274842;tg;2013-05-23
980;0.00679083029145964;tg;2013-05-23
12120;0.00679061823040351;tg;2013-05-23
7116;0.00678923774697021;tg;2013-05-23
6253;0.00678887926842265;cg;2013-05-23
7645;0.00678553494748328;tg;2013-05-23
291;0.00678533798495353;tg;2013-05-23
13047;0.00678533392715561;tg;2013-05-23
4494;0.00678196749132638;tg;2013-05-23
3943;0.00678176766503973;tg;2013-05-23
2086;0.00678057749327641;cg;2013-05-23
12121;0.00678040830302276;cg;2013-05-23
8222;0.00677893102513358;tg;2013-05-23
10040;0.00677849052611432;tg;2013-05-23
7091;0.00677696412956003;tg;2013-05-23
12978;0.00677279604660008;tg;2013-05-23
12957;0.00677256136845081;tg;2013-05-23
2096;0.00677073786830338;tg;2013-05-23
12486;0.00676495859162497;tg;2013-05-23
639;0.00676159985423158;tg;2013-05-23
4702;0.00676098818063221;tg;2013-05-23
340;0.00676061094345534;tg;2013-05-23
13016;0.00676016828852142;tg;2013-05-23
1658;0.00675762245140184;tg;2013-05-23
9176;0.00675678571338064;tg;2013-05-23
10022;0.00675557609729079;tg;2013-05-23
750;0.00675484610916723;tg;2013-05-23
6687;0.00675441220172592;tg;2013-05-23
1989;0.00675366796154694;tg;2013-05-23
1666;0.00675350957125732;tg;2013-05-23
9716;0.00675236394639163;tg;2013-05-23
12063;0.00674733935024654;tg;2013-05-23
12087;0.00674578929877479;cg;2013-05-23
5516;0.00674547094385671;tg;2013-05-23
9341;0.00674445519254013;cg;2013-05-23
4284;0.00674397551839652;tg;2013-05-23
868;0.00674206430820079;tg;2013-05-23
9512;0.00674166346409352;tg;2013-05-23
10140;0.00673877435214724;tg;2013-05-23
9635;0.00673871248404628;tg;2013-05-23
14447;0.00673797539944991;tg;2013-05-23
6509;0.00673768188918364;cg;2013-05-23
5711;0.00673736344510109;tg;2013-05-23
4546;0.0067371841414976;cg;2013-05-23
3834;0.0067371735448806;tg;2013-05-23
9144;0.00673701080350804;tg;2013-05-23
2538;0.00673636559728092;tg;2013-05-23
11134;0.00673621197479044;tg;2013-05-23
14080;0.00673503948394402;tg;2013-05-23
6910;0.00673503765298131;tg;2013-05-23
9617;0.0067344846951193;tg;2013-05-23
5180;0.00673280282269954;tg;2013-05-23
1146;0.00673041919225449;tg;2013-05-23
14348;0.0067302508688942;tg;2013-05-23
11280;0.00672853076708232;tg;2013-05-23
5766;0.00672842118743749;tg;2013-05-23
8496;0.00672694037064832;tg;2013-05-23
14395;0.00672693503208957;tg;2013-05-23
14972;0.00672586695631141;cg;2013-05-23
7065;0.00672506258014242;tg;2013-05-23
6134;0.00672502429422334;tg;2013-05-23
11973;0.00672438290989617;cg;2013-05-23
12261;0.00672404896756866;tg;2013-05-23
1335;0.0067240167795167;tg;2013-05-23
8866;0.00672345686012089;tg;2013-05-23
7224;0.0067225796536253;tg;2013-05-23
2663;0.00672182039313936;tg;2013-05-23
1268;0.00672167111085985;cg;2013-05-23
2345;0.00671926342032425;tg;2013-05-23
262;0.00671870195182901;tg;2013-05-23
10017;0.00670682155098196;tg;2013-05-23
5285;0.00670382418185425;tg;2013-05-23
5039;0.006701774835475;tg;2013-05-23
8261;0.00670149974613695;tg;2013-05-23
600;0.00670082083953565;tg;2013-05-23
10968;0.00670017574426865;tg;2013-05-23
11684;0.00669473041312048;tg;2013-05-23
1505;0.00669384570125512;tg;2013-05-23
4175;0.00669224524431034;tg;2013-05-23
12734;0.00669152698832059;tg;2013-05-23
3896;0.0066850459676951;tg;2013-05-23
5052;0.006683259197678;tg;2013-05-23
2341;0.00668321562744661;tg;2013-05-23
1713;0.00667911561044457;tg;2013-05-23
7191;0.00667655336597057;tg;2013-05-23
1543;0.00667289107809688;tg;2013-05-23
2555;0.00667222309928537;tg;2013-05-23
12463;0.00667213442075527;tg;2013-05-23
6807;0.0066701608665814;tg;2013-05-23
11930;0.00666824561068338;tg;2013-05-23
13288;0.00666642945130854;cg;2013-05-23
2477;0.00666632751642969;cg;2013-05-23
13237;0.0066645990577419;tg;2013-05-23
5440;0.00666406675937734;tg;2013-05-23
4943;0.00666312318695966;tg;2013-05-23
1438;0.00666287708929393;tg;2013-05-23
6519;0.00665968715388042;tg;2013-05-23
11282;0.00665608424388432;cg;2013-05-23
117;0.00665589131888688;tg;2013-05-23
14772;0.00665531229338483;tg;2013-05-23
9099;0.00665515037501093;tg;2013-05-23
14773;0.00665458081188437;tg;2013-05-23
10047;0.00664739046136006;tg;2013-05-23
2632;0.00664693403349604;tg;2013-05-23
10249;0.006643213167909;tg;2013-05-23
14563;0.00664085508382594;tg;2013-05-23
9633;0.00664038785616246;cg;2013-05-23
6091;0.00663952159301742;tg;2013-05-23
7449;0.00663718131677399;tg;2013-05-23
14018;0.0066354213406771;tg;2013-05-23
1427;0.00663491719903877;tg;2013-05-23
7977;0.00663168112460825;tg;2013-05-23
11857;0.00662831245084536;tg;2013-05-23
5414;0.00662554543383968;tg;2013-05-23
544;0.00662469804465596;tg;2013-05-23
6276;0.00662460680115289;tg;2013-05-23
2000;0.00662372198293932;tg;2013-05-23
1894;0.00661878667051066;tg;2013-05-23
3644;0.00661785478181756;cg;2013-05-23
1602;0.00661341821269125;tg;2013-05-23
1471;0.00660982408353491;tg;2013-05-23
14589;0.00660948253422169;tg;2013-05-23
508;0.0066087849239089;tg;2013-05-23
3505;0.00660846656354574;tg;2013-05-23
4999;0.00660610902039656;tg;2013-05-23
9378;0.00660505594393201;tg;2013-05-23
12881;0.00660381114004355;tg;2013-05-23
7915;0.00660368481151325;tg;2013-05-23
8401;0.00660170353621487;tg;2013-05-23
2541;0.00660108769315222;tg;2013-05-23
5521;0.00659845737624142;tg;2013-05-23
6373;0.00659626430469065;tg;2013-05-23
2559;0.00659489184030944;tg;2013-05-23
7132;0.00659423565993532;tg;2013-05-23
5630;0.0065937302742785;tg;2013-05-23
1347;0.00659260511831483;tg;2013-05-23
1732;0.00659172027076353;tg;2013-05-23
14519;0.00659070583271982;tg;2013-05-23
1043;0.00658688125057202;tg;2013-05-23
13806;0.00658568428638638;cg;2013-05-23
4984;0.00658403907344022;tg;2013-05-23
4025;0.00658296128978822;tg;2013-05-23
3278;0.00658198557265159;cg;2013-05-23
14951;0.00657510691839109;tg;2013-05-23
8981;0.0065733503661003;tg;2013-05-23
12953;0.00657243293817917;tg;2013-05-23
1314;0.00657085897224458;tg;2013-05-23
2794;0.00657069864455495;tg;2013-05-23
3152;0.00656528203878145;tg;2013-05-23
4288;0.0065633310537939;cg;2013-05-23
7672;0.0065565872704499;tg;2013-05-23
1254;0.00655455358536253;tg;2013-05-23
389;0.00655362049201875;tg;2013-05-23
442;0.00655313641220093;tg;2013-05-23
9815;0.00655044227042529;tg;2013-05-23
4503;0.0065497864392908;tg;2013-05-23
11196;0.00654766960619658;tg;2013-05-23
1568;0.00654411879920414;cg;2013-05-23
1535;0.00654242452884684;tg;2013-05-23
10701;0.00654216625292054;cg;2013-05-23
2355;0.00653668912579692;cg;2013-05-23
3398;0.00653565132247875;tg;2013-05-23
10836;0.00653187387295543;cg;2013-05-23
3379;0.00652817686749996;tg;2013-05-23
4078;0.00651506349201265;cg;2013-05-23
12693;0.00650374175396702;tg;2013-05-23
3151;0.00650252480843315;tg;2013-05-23
2503;0.00650103761063754;tg;2013-05-23
4212;0.0064982343602249;tg;2013-05-23
2070;0.00649697205501668;cg;2013-05-23
11869;0.0064956770363159;tg;2013-05-23
11835;0.00648291389436304;tg;2013-05-23
1084;0.00648179759807394;tg;2013-05-23
3872;0.006480286045359;tg;2013-05-23
12659;0.00647945634499706;cg;2013-05-23
12136;0.00647450476040679;tg;2013-05-23
12560;0.00647382384197089;tg;2013-05-23
7517;0.00646966078296384;tg;2013-05-23
1904;0.00646756131495639;tg;2013-05-23
11650;0.00646369542731873;tg;2013-05-23
4113;0.00645209451212797;cg;2013-05-23
1120;0.0064484245416564;cg;2013-05-23
11334;0.00643972811653244;tg;2013-05-23
11043;0.0064349870401523;tg;2013-05-23
2026;0.00643390462068172;tg;2013-05-23
4907;0.00643329642627367;tg;2013-05-23
13753;0.00642646606365129;tg;2013-05-23
3046;0.00642388529098488;tg;2013-05-23
3355;0.00642222588438243;tg;2013-05-23
12646;0.00641362554450937;tg;2013-05-23
5358;0.00640782440615354;cg;2013-05-23
307;0.00640381387918545;tg;2013-05-23
14267;0.00640263686460842;tg;2013-05-23
12223;0.00640191484859215;cg;2013-05-23
4365;0.00640106912813391;tg;2013-05-23
14092;0.00639645178774831;tg;2013-05-23
7212;0.0063886230852928;tg;2013-05-23
3642;0.00638599382857435;tg;2013-05-23
14359;0.00638304792244916;tg;2013-05-23
10727;0.00637651990608148;tg;2013-05-23
14779;0.00637326012803822;cg;2013-05-23
10686;0.0063567051187828;tg;2013-05-23
12841;0.00635520803439616;tg;2013-05-23
3973;0.0063401703422152;tg;2013-05-23
11155;0.00633515051824821;tg;2013-05-23
13927;0.0062941027119047;tg;2013-05-23
8979;0.00622137852032553;tg;2013-05-23
7222;0.00621991845939387;tg;2013-05-23
3265;0.00619772844217326;tg;2013-05-23
5041;0.00619737130262217;tg;2013-05-23
